CustomerID,NewOrReturning,Age,Gender,HouseholdSize,IncomeBracket,MaritalStatus,EmploymentStatus
1,Returning,38,Female,3,200k+,Married,Employed
2,Returning,19,Male,1,50k-100k,Single,Employed
3,Returning,40,Male,4,<50k,Single,Employed
4,Returning,43,Male,1,200k+,Single,Employed
5,New,42,Female,2,50k-100k,Married,Employed
6,New,48,Male,3,200k+,Single,Employed
7,New,46,Male,1,200k+,Married,Employed
8,Returning,41,Female,1,100k-200k,Single,Employed
9,Returning,35,Male,2,200k+,Single,Employed
10,Returning,18,Male,2,<50k,Single,Student
11,New,41,Male,2,50k-100k,Single,Employed
12,Returning,38,Male,1,100k-200k,Single,Employed
13,Returning,39,Male,3,50k-100k,Single,Employed
14,New,20,Male,5,200k+,Widowed,Student
15,New,23,Female,1,<50k,Married,Employed
16,New,48,Female,2,100k-200k,Single,Employed
17,Returning,35,Female,2,100k-200k,Single,Employed
18,Returning,44,Male,5,100k-200k,Divorced,Employed
19,Returning,36,Female,1,50k-100k,Single,Employed
20,New,36,Male,2,50k-100k,Single,Employed
21,Returning,47,Male,1,200k+,Married,Employed
22,New,29,Female,1,50k-100k,Married,Employed
23,New,37,Male,2,200k+,Married,Employed
24,Returning,30,Male,1,100k-200k,Single,Unemployed
25,Returning,30,Male,4,100k-200k,Single,Employed
26,Returning,32,Female,2,100k-200k,Married,Employed
27,New,38,Male,3,50k-100k,Single,Employed
28,Returning,30,Female,1,100k-200k,Married,Employed
29,Returning,51,Female,1,200k+,Married,Employed
30,New,25,Male,3,50k-100k,Single,Employed
31,Returning,33,Male,2,200k+,Divorced,Employed
32,New,30,Male,2,50k-100k,Married,Employed
33,New,53,Male,1,<50k,Married,Unemployed
34,Returning,38,Male,1,50k-100k,Single,Employed
35,Returning,48,Female,2,200k+,Single,Employed
36,Returning,18,Female,1,50k-100k,Single,Student
37,Returning,39,Female,4,200k+,Single,Employed
38,New,46,Male,5,200k+,Widowed,Employed
39,Returning,36,Female,1,50k-100k,Single,Employed
40,Returning,48,Female,1,<50k,Single,Employed
41,New,29,Female,5,100k-200k,Single,Employed
42,Returning,52,Male,1,50k-100k,Married,Employed
43,New,63,Female,1,100k-200k,Single,Employed
44,Returning,31,Male,1,50k-100k,Single,Employed
45,New,30,Male,3,50k-100k,Single,Employed
46,Returning,53,Male,2,100k-200k,Divorced,Employed
47,Returning,54,Female,3,50k-100k,Single,Employed
48,Returning,29,Female,5,50k-100k,Divorced,Employed
49,Returning,30,Male,5,50k-100k,Married,Employed
50,New,32,Male,2,50k-100k,Single,Employed
51,Returning,19,Male,3,100k-200k,Married,Student
52,Returning,24,Male,5,200k+,Single,Employed
53,Returning,23,Male,3,50k-100k,Widowed,Employed
54,Returning,26,Male,2,100k-200k,Married,Employed
55,Returning,35,Female,3,100k-200k,Single,Employed
56,Returning,38,Male,1,50k-100k,Single,Employed
57,New,54,Male,1,50k-100k,Single,Employed
58,New,24,Male,4,200k+,Widowed,Employed
59,New,47,Female,1,100k-200k,Single,Employed
60,Returning,33,Female,5,100k-200k,Married,Employed
61,Returning,35,Female,2,100k-200k,Single,Employed
62,New,44,Male,3,<50k,Divorced,Employed
63,Returning,22,Female,2,100k-200k,Single,Employed
64,Returning,40,Male,1,100k-200k,Married,Employed
65,New,37,Female,1,100k-200k,Single,Employed
66,Returning,41,Female,4,50k-100k,Married,Employed
67,New,39,Female,3,<50k,Single,Employed
68,Returning,65,Female,3,50k-100k,Single,Employed
69,New,28,Female,5,200k+,Single,Employed
70,Returning,29,Male,1,50k-100k,Married,Unemployed
71,Returning,28,Female,4,50k-100k,Single,Employed
72,New,29,Male,1,<50k,Married,Employed
73,New,28,Female,1,<50k,Single,Employed
74,Returning,50,Male,1,100k-200k,Divorced,Employed
75,Returning,53,Male,1,100k-200k,Divorced,Employed
76,Returning,29,Male,1,100k-200k,Married,Employed
77,Returning,26,Male,4,50k-100k,Single,Employed
78,New,41,Male,2,100k-200k,Single,Employed
79,Returning,29,Female,1,50k-100k,Single,Unemployed
80,New,43,Male,1,50k-100k,Single,Employed
81,Returning,38,Male,1,50k-100k,Married,Employed
82,Returning,18,Female,2,50k-100k,Married,Employed
83,Returning,54,Male,2,50k-100k,Divorced,Employed
84,New,57,Female,1,100k-200k,Single,Employed
85,Returning,28,Female,2,100k-200k,Married,Employed
86,Returning,31,Female,1,200k+,Single,Employed
87,Returning,39,Female,2,50k-100k,Married,Unemployed
88,Returning,40,Male,2,<50k,Single,Employed
89,Returning,43,Female,1,50k-100k,Single,Employed
90,Returning,60,Male,2,200k+,Single,Employed
91,New,33,Male,1,100k-200k,Married,Employed
92,Returning,26,Female,3,100k-200k,Divorced,Employed
93,Returning,19,Male,4,<50k,Single,Employed
94,Returning,27,Female,4,100k-200k,Single,Employed
95,Returning,35,Female,3,<50k,Single,Employed
96,Returning,57,Female,3,100k-200k,Married,Employed
97,Returning,29,Female,2,200k+,Single,Employed
98,Returning,38,Male,1,200k+,Married,Employed
99,New,35,Male,2,100k-200k,Widowed,Employed
100,New,50,Female,3,50k-100k,Divorced,Employed
101,New,66,Male,1,200k+,Single,Retired
102,Returning,29,Female,2,100k-200k,Divorced,Employed
103,Returning,30,Female,1,<50k,Married,Employed
104,Returning,48,Female,1,50k-100k,Single,Employed
105,Returning,44,Male,2,50k-100k,Married,Employed
106,New,58,Male,3,50k-100k,Married,Employed
107,Returning,43,Male,2,50k-100k,Single,Employed
108,Returning,31,Male,1,100k-200k,Single,Employed
109,New,43,Female,3,50k-100k,Single,Employed
110,New,49,Male,2,50k-100k,Married,Employed
111,New,45,Male,2,100k-200k,Single,Employed
112,New,42,Male,1,200k+,Divorced,Employed
113,Returning,48,Female,4,100k-200k,Married,Employed
114,Returning,50,Female,2,50k-100k,Married,Employed
115,Returning,52,Male,2,200k+,Single,Employed
116,Returning,43,Male,1,200k+,Married,Employed
117,Returning,33,Male,2,50k-100k,Single,Employed
118,New,37,Male,2,<50k,Single,Employed
119,Returning,50,Female,2,100k-200k,Married,Employed
120,Returning,26,Female,4,200k+,Single,Employed
121,Returning,40,Male,1,200k+,Married,Employed
122,Returning,31,Male,1,200k+,Single,Employed
123,Returning,36,Female,4,100k-200k,Single,Employed
124,New,51,Male,1,100k-200k,Single,Employed
125,New,38,Female,1,<50k,Widowed,Employed
126,Returning,36,Male,3,50k-100k,Married,Employed
127,Returning,19,Male,1,50k-100k,Married,Student
128,Returning,44,Male,1,100k-200k,Single,Employed
129,New,43,Male,1,100k-200k,Single,Unemployed
130,Returning,61,Female,1,100k-200k,Widowed,Employed
131,Returning,32,Male,2,50k-100k,Single,Employed
132,New,38,Male,2,100k-200k,Single,Employed
133,New,38,Male,1,<50k,Married,Employed
134,Returning,54,Male,2,50k-100k,Single,Employed
135,Returning,34,Male,3,100k-200k,Married,Unemployed
136,Returning,39,Male,1,100k-200k,Married,Employed
137,Returning,43,Female,3,200k+,Single,Employed
138,Returning,38,Male,1,50k-100k,Single,Employed
139,Returning,30,Male,4,50k-100k,Single,Employed
140,Returning,38,Female,5,50k-100k,Divorced,Employed
141,Returning,48,Male,1,50k-100k,Married,Employed
142,New,23,Female,1,200k+,Single,Unemployed
143,Returning,37,Male,4,100k-200k,Single,Employed
144,Returning,27,Female,1,200k+,Married,Unemployed
145,New,50,Female,1,50k-100k,Married,Employed
146,New,18,Female,3,200k+,Single,Student
147,Returning,29,Female,2,<50k,Single,Employed
148,Returning,40,Male,1,200k+,Single,Employed
149,New,54,Female,1,50k-100k,Married,Employed
150,New,35,Male,2,50k-100k,Widowed,Employed
151,Returning,29,Male,1,100k-200k,Single,Employed
152,New,58,Male,4,200k+,Married,Employed
153,New,18,Female,3,<50k,Single,Student
154,Returning,18,Male,1,50k-100k,Single,Employed
155,Returning,41,Female,2,200k+,Single,Employed
156,New,29,Female,4,50k-100k,Married,Employed
157,Returning,23,Female,2,50k-100k,Single,Employed
158,Returning,44,Female,1,50k-100k,Married,Employed
159,New,38,Male,2,50k-100k,Single,Employed
160,Returning,29,Male,2,200k+,Single,Employed
161,Returning,20,Male,2,100k-200k,Single,Employed
162,Returning,46,Male,1,100k-200k,Married,Employed
163,Returning,43,Male,1,200k+,Single,Employed
164,Returning,34,Male,3,50k-100k,Married,Employed
165,New,58,Male,5,<50k,Single,Employed
166,Returning,23,Female,1,50k-100k,Single,Employed
167,Returning,18,Female,2,50k-100k,Single,Student
168,New,27,Male,2,50k-100k,Single,Employed
169,New,35,Female,2,200k+,Single,Employed
170,Returning,38,Male,2,100k-200k,Single,Unemployed
171,Returning,33,Male,2,50k-100k,Married,Employed
172,New,40,Female,1,100k-200k,Married,Employed
173,Returning,20,Male,4,100k-200k,Single,Student
174,New,53,Male,3,200k+,Single,Employed
175,Returning,35,Female,1,200k+,Single,Employed
176,New,49,Female,2,100k-200k,Single,Employed
177,Returning,40,Female,2,100k-200k,Single,Unemployed
178,Returning,41,Female,3,100k-200k,Divorced,Employed
179,Returning,42,Female,1,100k-200k,Single,Employed
180,New,41,Male,2,<50k,Single,Employed
181,Returning,43,Male,1,<50k,Single,Employed
182,New,51,Male,3,100k-200k,Single,Employed
183,Returning,38,Male,3,50k-100k,Married,Employed
184,Returning,44,Female,2,<50k,Single,Employed
185,New,34,Male,1,100k-200k,Single,Employed
186,Returning,53,Female,3,<50k,Married,Employed
187,Returning,27,Female,2,100k-200k,Single,Employed
188,Returning,57,Female,4,100k-200k,Married,Employed
189,Returning,35,Female,1,200k+,Married,Employed
190,New,18,Female,3,50k-100k,Single,Employed
191,New,37,Male,2,<50k,Married,Employed
192,Returning,27,Female,4,100k-200k,Single,Employed
193,Returning,46,Male,1,200k+,Married,Employed
194,Returning,28,Female,2,200k+,Single,Employed
195,Returning,30,Male,1,50k-100k,Single,Employed
196,Returning,18,Female,1,50k-100k,Married,Student
197,Returning,30,Female,1,200k+,Divorced,Unemployed
198,Returning,18,Male,1,50k-100k,Widowed,Student
199,Returning,18,Male,1,100k-200k,Married,Student
200,Returning,45,Female,2,50k-100k,Single,Employed
201,Returning,45,Male,3,<50k,Single,Unemployed
202,New,41,Female,5,50k-100k,Single,Employed
203,New,24,Female,3,50k-100k,Single,Unemployed
204,Returning,35,Male,2,100k-200k,Single,Unemployed
205,Returning,35,Male,4,200k+,Divorced,Employed
206,New,22,Male,3,50k-100k,Single,Employed
207,New,54,Female,2,200k+,Single,Unemployed
208,Returning,46,Male,1,<50k,Single,Employed
209,New,33,Female,1,100k-200k,Married,Employed
210,New,36,Male,4,<50k,Married,Employed
211,Returning,38,Female,5,200k+,Married,Employed
212,Returning,18,Female,1,100k-200k,Single,Student
213,Returning,33,Female,3,100k-200k,Married,Employed
214,New,27,Male,2,200k+,Single,Employed
215,Returning,23,Female,1,100k-200k,Divorced,Employed
216,New,32,Female,2,200k+,Married,Employed
217,Returning,57,Female,1,100k-200k,Single,Employed
218,Returning,43,Female,2,200k+,Single,Employed
219,Returning,29,Male,1,100k-200k,Married,Employed
220,Returning,42,Male,1,<50k,Single,Employed
221,Returning,52,Female,2,100k-200k,Divorced,Employed
222,Returning,47,Male,1,<50k,Single,Unemployed
223,New,36,Female,2,100k-200k,Single,Employed
224,Returning,28,Female,3,50k-100k,Single,Employed
225,New,44,Male,1,100k-200k,Single,Unemployed
226,New,40,Female,1,<50k,Single,Unemployed
227,Returning,46,Male,2,50k-100k,Single,Employed
228,Returning,43,Female,1,50k-100k,Married,Employed
229,Returning,48,Female,2,200k+,Single,Employed
230,Returning,29,Female,3,50k-100k,Widowed,Employed
231,Returning,51,Male,2,50k-100k,Married,Employed
232,Returning,38,Male,3,100k-200k,Married,Employed
233,Returning,60,Female,3,100k-200k,Single,Employed
234,Returning,27,Female,3,50k-100k,Single,Employed
235,New,56,Female,2,50k-100k,Single,Employed
236,Returning,38,Male,1,50k-100k,Married,Unemployed
237,New,28,Male,2,200k+,Divorced,Employed
238,New,30,Male,2,<50k,Single,Unemployed
239,Returning,32,Female,2,50k-100k,Single,Unemployed
240,New,41,Male,3,<50k,Divorced,Employed
241,Returning,42,Male,1,50k-100k,Single,Employed
242,Returning,29,Female,2,100k-200k,Married,Employed
243,Returning,35,Male,1,50k-100k,Married,Employed
244,Returning,61,Female,1,<50k,Married,Employed
245,New,56,Female,2,50k-100k,Single,Employed
246,Returning,41,Female,3,<50k,Single,Unemployed
247,Returning,36,Male,1,<50k,Married,Employed
248,Returning,37,Male,1,200k+,Divorced,Employed
249,Returning,43,Female,4,100k-200k,Single,Employed
250,Returning,23,Female,1,200k+,Single,Employed
251,New,32,Female,2,200k+,Married,Unemployed
252,Returning,18,Male,1,100k-200k,Divorced,Student
253,Returning,40,Female,4,<50k,Married,Employed
254,Returning,43,Female,3,100k-200k,Widowed,Employed
255,New,30,Female,2,200k+,Single,Employed
256,Returning,54,Female,2,100k-200k,Single,Employed
257,Returning,21,Female,3,100k-200k,Married,Student
258,Returning,18,Female,3,50k-100k,Married,Student
259,Returning,38,Male,1,200k+,Single,Unemployed
260,New,48,Male,3,100k-200k,Single,Unemployed
261,Returning,56,Male,3,200k+,Married,Employed
262,Returning,30,Male,1,50k-100k,Single,Employed
263,New,48,Male,4,50k-100k,Single,Employed
264,Returning,35,Male,4,50k-100k,Married,Employed
265,Returning,33,Male,2,100k-200k,Married,Employed
266,Returning,46,Male,2,50k-100k,Married,Employed
267,Returning,43,Female,2,<50k,Single,Employed
268,Returning,18,Female,1,200k+,Married,Student
269,Returning,53,Male,2,<50k,Married,Employed
270,New,52,Female,2,200k+,Married,Employed
271,Returning,28,Female,3,50k-100k,Married,Employed
272,Returning,40,Male,1,200k+,Single,Employed
273,Returning,41,Male,1,100k-200k,Single,Unemployed
274,Returning,39,Male,3,200k+,Single,Employed
275,Returning,29,Female,3,200k+,Single,Employed
276,Returning,27,Female,4,<50k,Married,Employed
277,Returning,35,Male,1,<50k,Married,Employed
278,Returning,50,Male,3,50k-100k,Married,Employed
279,Returning,42,Male,1,100k-200k,Married,Employed
280,Returning,31,Male,2,200k+,Single,Employed
281,Returning,45,Male,5,50k-100k,Single,Employed
282,Returning,18,Male,1,100k-200k,Single,Employed
283,Returning,49,Female,1,50k-100k,Single,Employed
284,New,18,Female,3,200k+,Single,Student
285,Returning,31,Male,3,200k+,Married,Employed
286,New,22,Female,1,50k-100k,Widowed,Employed
287,Returning,20,Male,1,50k-100k,Single,Student
288,Returning,49,Male,3,<50k,Single,Employed
289,New,30,Male,3,100k-200k,Married,Employed
290,Returning,40,Female,1,100k-200k,Single,Employed
291,New,35,Female,2,<50k,Married,Employed
292,New,41,Female,1,50k-100k,Married,Employed
293,Returning,36,Male,4,50k-100k,Divorced,Unemployed
294,Returning,20,Female,1,100k-200k,Single,Student
295,New,47,Male,2,100k-200k,Married,Employed
296,Returning,30,Female,1,<50k,Single,Employed
297,Returning,18,Male,1,100k-200k,Married,Student
298,New,30,Male,1,100k-200k,Single,Employed
299,Returning,54,Female,2,50k-100k,Single,Employed
300,New,46,Female,5,<50k,Married,Employed
301,New,31,Male,1,100k-200k,Married,Employed
302,Returning,31,Female,3,200k+,Married,Employed
303,Returning,32,Male,1,50k-100k,Married,Employed
304,Returning,60,Female,5,50k-100k,Married,Employed
305,Returning,40,Female,2,50k-100k,Single,Employed
306,Returning,41,Female,1,100k-200k,Married,Employed
307,Returning,48,Female,1,50k-100k,Married,Employed
308,Returning,38,Female,2,50k-100k,Divorced,Employed
309,Returning,32,Male,1,100k-200k,Divorced,Unemployed
310,New,33,Female,1,100k-200k,Single,Employed
311,Returning,35,Male,3,50k-100k,Married,Employed
312,New,35,Male,1,50k-100k,Single,Employed
313,New,44,Male,1,100k-200k,Single,Employed
314,Returning,36,Male,2,<50k,Married,Employed
315,Returning,44,Female,2,<50k,Single,Employed
316,Returning,35,Male,2,200k+,Married,Employed
317,Returning,36,Female,4,<50k,Single,Employed
318,New,18,Male,3,100k-200k,Single,Student
319,New,46,Male,1,200k+,Married,Employed
320,New,40,Female,3,50k-100k,Married,Employed
321,Returning,47,Male,1,50k-100k,Divorced,Employed
322,Returning,18,Male,3,100k-200k,Married,Student
323,Returning,61,Female,3,200k+,Married,Employed
324,New,34,Male,2,200k+,Single,Employed
325,Returning,49,Female,3,100k-200k,Single,Employed
326,Returning,23,Male,2,<50k,Single,Employed
327,Returning,43,Male,3,100k-200k,Married,Employed
328,Returning,23,Female,1,50k-100k,Married,Employed
329,Returning,28,Male,3,50k-100k,Single,Employed
330,New,58,Male,2,<50k,Married,Employed
331,Returning,33,Male,4,50k-100k,Married,Employed
332,Returning,38,Male,3,100k-200k,Single,Employed
333,New,46,Female,1,50k-100k,Single,Employed
334,New,41,Male,1,50k-100k,Married,Employed
335,New,37,Female,2,50k-100k,Married,Employed
336,New,40,Female,4,200k+,Divorced,Unemployed
337,Returning,64,Male,2,100k-200k,Single,Employed
338,Returning,35,Female,3,50k-100k,Widowed,Employed
339,Returning,38,Male,1,<50k,Single,Employed
340,New,48,Female,2,50k-100k,Single,Employed
341,Returning,49,Male,4,200k+,Widowed,Employed
342,Returning,50,Female,4,100k-200k,Single,Employed
343,New,43,Male,1,100k-200k,Married,Employed
344,Returning,22,Male,3,100k-200k,Single,Employed
345,Returning,55,Female,1,50k-100k,Married,Employed
346,Returning,22,Female,2,200k+,Divorced,Employed
347,Returning,39,Male,5,100k-200k,Single,Employed
348,New,26,Male,1,<50k,Married,Employed
349,Returning,35,Female,2,<50k,Single,Employed
350,Returning,39,Female,2,100k-200k,Married,Employed
351,Returning,39,Female,1,200k+,Single,Employed
352,Returning,41,Female,3,50k-100k,Single,Employed
353,Returning,55,Female,1,200k+,Single,Employed
354,New,41,Female,4,100k-200k,Single,Unemployed
355,New,33,Male,5,50k-100k,Divorced,Unemployed
356,Returning,47,Male,3,<50k,Single,Employed
357,New,50,Female,2,<50k,Single,Employed
358,Returning,21,Female,1,100k-200k,Single,Employed
359,Returning,43,Male,3,50k-100k,Single,Unemployed
360,Returning,44,Male,1,50k-100k,Married,Employed
361,Returning,32,Female,1,100k-200k,Widowed,Employed
362,Returning,52,Male,1,100k-200k,Single,Employed
363,Returning,34,Male,1,<50k,Divorced,Unemployed
364,Returning,37,Male,2,50k-100k,Married,Employed
365,Returning,33,Male,2,50k-100k,Single,Employed
366,Returning,36,Male,1,100k-200k,Married,Employed
367,Returning,22,Male,1,200k+,Married,Employed
368,Returning,18,Male,5,50k-100k,Married,Student
369,New,55,Female,1,200k+,Divorced,Employed
370,New,25,Male,1,100k-200k,Single,Employed
371,New,24,Female,1,100k-200k,Divorced,Employed
372,New,18,Female,1,100k-200k,Married,Student
373,New,28,Male,3,50k-100k,Single,Employed
374,Returning,20,Female,1,<50k,Married,Student
375,New,55,Male,1,100k-200k,Single,Employed
376,Returning,48,Female,1,100k-200k,Widowed,Employed
377,Returning,27,Male,4,100k-200k,Married,Employed
378,New,63,Female,2,50k-100k,Single,Employed
379,Returning,47,Female,1,200k+,Single,Employed
380,New,32,Male,3,100k-200k,Married,Employed
381,New,18,Male,1,<50k,Single,Student
382,Returning,63,Female,1,50k-100k,Single,Employed
383,Returning,19,Female,1,100k-200k,Single,Employed
384,Returning,18,Male,3,100k-200k,Single,Student
385,Returning,48,Female,1,50k-100k,Single,Employed
386,Returning,65,Male,1,200k+,Single,Retired
387,New,52,Female,2,50k-100k,Single,Employed
388,New,42,Male,3,50k-100k,Married,Employed
389,Returning,43,Female,1,200k+,Married,Employed
390,Returning,46,Male,5,200k+,Single,Employed
391,Returning,45,Male,3,100k-200k,Single,Employed
392,Returning,39,Male,3,200k+,Married,Employed
393,Returning,37,Male,4,<50k,Single,Employed
394,Returning,35,Female,1,200k+,Single,Employed
395,Returning,26,Male,2,50k-100k,Single,Employed
396,Returning,32,Female,2,50k-100k,Married,Employed
397,Returning,18,Male,2,50k-100k,Married,Student
398,Returning,34,Male,2,50k-100k,Married,Employed
399,Returning,24,Male,3,50k-100k,Married,Employed
400,Returning,22,Male,3,50k-100k,Married,Employed
401,New,38,Male,2,<50k,Single,Employed
402,Returning,52,Male,3,50k-100k,Married,Employed
403,Returning,47,Male,1,100k-200k,Single,Employed
404,Returning,18,Male,3,50k-100k,Married,Student
405,Returning,24,Female,5,50k-100k,Married,Employed
406,Returning,47,Female,1,100k-200k,Married,Employed
407,Returning,24,Male,1,200k+,Single,Employed
408,New,33,Male,2,100k-200k,Single,Employed
409,Returning,42,Female,1,50k-100k,Married,Employed
410,New,24,Female,2,100k-200k,Married,Employed
411,Returning,37,Female,1,50k-100k,Divorced,Employed
412,Returning,19,Male,2,<50k,Single,Employed
413,Returning,28,Female,1,50k-100k,Married,Unemployed
414,Returning,39,Female,3,200k+,Married,Employed
415,Returning,18,Female,2,50k-100k,Divorced,Student
416,Returning,41,Female,5,<50k,Married,Employed
417,New,35,Male,3,<50k,Married,Employed
418,Returning,42,Male,1,200k+,Married,Employed
419,Returning,38,Female,1,100k-200k,Married,Employed
420,Returning,52,Female,3,50k-100k,Widowed,Employed
421,Returning,37,Male,1,100k-200k,Single,Employed
422,Returning,30,Male,1,100k-200k,Single,Employed
423,New,37,Male,1,100k-200k,Divorced,Employed
424,Returning,42,Male,1,50k-100k,Married,Employed
425,New,36,Female,2,200k+,Married,Employed
426,Returning,36,Female,4,50k-100k,Single,Employed
427,Returning,27,Male,2,100k-200k,Single,Employed
428,Returning,28,Male,5,<50k,Married,Employed
429,Returning,19,Male,1,50k-100k,Married,Student
430,New,56,Male,2,50k-100k,Single,Employed
431,New,21,Female,1,100k-200k,Single,Student
432,Returning,27,Female,3,<50k,Married,Employed
433,Returning,27,Female,3,100k-200k,Single,Employed
434,New,46,Male,2,50k-100k,Divorced,Employed
435,New,32,Female,4,100k-200k,Single,Employed
436,Returning,50,Female,2,200k+,Married,Employed
437,New,27,Female,3,100k-200k,Divorced,Employed
438,Returning,39,Male,2,100k-200k,Married,Employed
439,Returning,25,Male,2,100k-200k,Single,Unemployed
440,New,61,Male,1,50k-100k,Married,Employed
441,New,21,Male,3,200k+,Single,Student
442,Returning,39,Male,3,50k-100k,Single,Employed
443,Returning,43,Male,2,100k-200k,Widowed,Unemployed
444,Returning,40,Male,1,100k-200k,Married,Employed
445,Returning,33,Female,1,50k-100k,Married,Employed
446,Returning,34,Male,1,50k-100k,Single,Employed
447,Returning,36,Male,5,50k-100k,Single,Employed
448,Returning,34,Female,1,200k+,Single,Employed
449,Returning,47,Female,3,200k+,Married,Employed
450,New,62,Female,2,100k-200k,Married,Employed
451,Returning,29,Female,3,100k-200k,Married,Employed
452,Returning,19,Female,4,200k+,Married,Employed
453,Returning,34,Female,3,<50k,Single,Employed
454,Returning,66,Male,3,50k-100k,Single,Retired
455,New,26,Male,2,100k-200k,Single,Employed
456,Returning,55,Male,3,200k+,Single,Employed
457,New,56,Male,2,200k+,Single,Employed
458,Returning,29,Male,2,50k-100k,Widowed,Employed
459,New,42,Female,5,<50k,Single,Employed
460,New,55,Female,4,50k-100k,Divorced,Employed
461,New,31,Female,1,50k-100k,Single,Employed
462,Returning,33,Male,2,50k-100k,Widowed,Employed
463,Returning,29,Female,3,100k-200k,Married,Employed
464,Returning,23,Female,2,<50k,Divorced,Employed
465,Returning,28,Male,2,200k+,Single,Employed
466,Returning,21,Female,1,50k-100k,Married,Student
467,New,36,Male,3,100k-200k,Divorced,Employed
468,Returning,26,Male,2,<50k,Single,Employed
469,New,38,Female,3,50k-100k,Single,Employed
470,Returning,18,Male,2,<50k,Single,Student
471,New,39,Male,3,200k+,Divorced,Employed
472,Returning,46,Female,2,200k+,Married,Employed
473,New,18,Female,2,50k-100k,Married,Student
474,Returning,40,Male,2,50k-100k,Single,Employed
475,Returning,50,Male,3,200k+,Single,Employed
476,Returning,21,Male,2,50k-100k,Married,Student
477,New,56,Female,1,50k-100k,Single,Employed
478,Returning,41,Male,1,100k-200k,Married,Unemployed
479,Returning,27,Male,3,200k+,Divorced,Employed
480,Returning,35,Female,1,<50k,Single,Employed
481,Returning,42,Female,1,50k-100k,Married,Employed
482,Returning,36,Male,3,200k+,Single,Employed
483,Returning,42,Male,2,50k-100k,Married,Employed
484,Returning,24,Female,2,<50k,Single,Employed
485,Returning,38,Male,1,100k-200k,Married,Employed
486,Returning,19,Male,2,200k+,Single,Student
487,New,34,Female,1,50k-100k,Single,Employed
488,New,25,Male,2,200k+,Married,Employed
489,Returning,27,Female,3,100k-200k,Single,Employed
490,Returning,50,Male,1,<50k,Married,Employed
491,Returning,49,Male,5,200k+,Single,Employed
492,Returning,43,Male,1,50k-100k,Married,Employed
493,New,22,Male,2,50k-100k,Single,Employed
494,New,32,Male,2,100k-200k,Married,Employed
495,Returning,50,Male,1,50k-100k,Single,Employed
496,Returning,37,Female,3,<50k,Single,Employed
497,Returning,63,Female,1,<50k,Single,Unemployed
498,New,40,Female,1,50k-100k,Married,Employed
499,Returning,38,Female,1,200k+,Single,Employed
500,Returning,32,Male,1,100k-200k,Divorced,Employed
501,Returning,37,Female,4,200k+,Divorced,Employed
502,Returning,34,Male,1,50k-100k,Single,Employed
503,Returning,44,Female,1,50k-100k,Married,Employed
504,Returning,47,Female,1,50k-100k,Single,Employed
505,Returning,26,Female,1,50k-100k,Single,Employed
506,New,20,Female,1,50k-100k,Married,Employed
507,Returning,18,Female,1,100k-200k,Married,Student
508,Returning,42,Male,1,200k+,Married,Employed
509,Returning,22,Male,3,200k+,Single,Employed
510,Returning,18,Female,1,50k-100k,Single,Student
511,Returning,40,Male,3,200k+,Single,Employed
512,Returning,65,Female,1,50k-100k,Married,Retired
513,Returning,35,Female,5,<50k,Married,Employed
514,Returning,46,Male,1,200k+,Married,Employed
515,New,36,Female,2,100k-200k,Single,Employed
516,New,34,Female,1,50k-100k,Single,Employed
517,Returning,47,Female,1,50k-100k,Single,Unemployed
518,Returning,32,Female,4,50k-100k,Single,Employed
519,Returning,39,Female,1,100k-200k,Single,Unemployed
520,New,39,Female,2,50k-100k,Married,Employed
521,Returning,27,Female,3,200k+,Divorced,Employed
522,Returning,47,Male,1,<50k,Married,Employed
523,Returning,33,Male,1,50k-100k,Single,Employed
524,Returning,26,Female,1,50k-100k,Single,Employed
525,Returning,42,Male,1,100k-200k,Divorced,Employed
526,Returning,25,Female,3,50k-100k,Single,Employed
527,Returning,36,Female,1,100k-200k,Divorced,Employed
528,New,35,Male,2,200k+,Single,Employed
529,New,49,Female,3,200k+,Single,Employed
530,Returning,41,Female,1,200k+,Divorced,Employed
531,Returning,35,Male,2,200k+,Single,Employed
532,Returning,45,Male,3,100k-200k,Married,Employed
533,Returning,52,Male,1,200k+,Married,Employed
534,Returning,42,Male,2,50k-100k,Single,Employed
535,Returning,36,Female,3,50k-100k,Single,Employed
536,Returning,20,Male,2,50k-100k,Married,Employed
537,Returning,23,Female,1,50k-100k,Married,Employed
538,New,32,Male,3,50k-100k,Single,Employed
539,Returning,28,Male,2,200k+,Divorced,Employed
540,New,33,Female,2,50k-100k,Single,Employed
541,Returning,36,Female,1,<50k,Single,Employed
542,Returning,42,Male,1,100k-200k,Single,Employed
543,New,35,Male,1,<50k,Single,Employed
544,Returning,41,Male,1,<50k,Single,Employed
545,Returning,36,Male,1,50k-100k,Widowed,Employed
546,Returning,18,Female,2,50k-100k,Single,Employed
547,New,24,Male,3,50k-100k,Single,Employed
548,Returning,34,Male,3,100k-200k,Single,Employed
549,Returning,21,Male,2,100k-200k,Married,Student
550,Returning,43,Female,2,50k-100k,Divorced,Employed
551,Returning,54,Female,4,50k-100k,Single,Employed
552,Returning,50,Male,1,50k-100k,Single,Employed
553,Returning,33,Female,3,100k-200k,Single,Employed
554,Returning,53,Male,3,<50k,Single,Employed
555,Returning,37,Male,4,<50k,Single,Employed
556,Returning,31,Female,2,100k-200k,Single,Employed
557,New,28,Female,4,50k-100k,Single,Employed
558,New,32,Female,3,<50k,Married,Employed
559,Returning,31,Female,2,50k-100k,Single,Employed
560,Returning,38,Male,3,200k+,Divorced,Employed
561,Returning,37,Female,2,200k+,Divorced,Employed
562,New,36,Male,2,100k-200k,Married,Employed
563,New,41,Female,4,50k-100k,Single,Employed
564,New,50,Male,4,100k-200k,Single,Unemployed
565,Returning,47,Female,1,200k+,Single,Employed
566,Returning,18,Male,1,200k+,Married,Student
567,Returning,18,Male,1,50k-100k,Single,Employed
568,Returning,47,Female,3,200k+,Divorced,Employed
569,Returning,19,Male,1,50k-100k,Divorced,Student
570,Returning,33,Male,5,50k-100k,Single,Employed
571,Returning,21,Male,1,100k-200k,Married,Student
572,Returning,18,Male,1,50k-100k,Single,Student
573,Returning,42,Male,3,200k+,Single,Employed
574,Returning,45,Male,3,<50k,Single,Employed
575,Returning,29,Female,1,100k-200k,Single,Employed
576,Returning,18,Male,2,200k+,Divorced,Student
577,New,29,Female,1,200k+,Single,Unemployed
578,Returning,40,Female,3,50k-100k,Single,Employed
579,Returning,18,Male,1,50k-100k,Married,Student
580,New,38,Female,3,100k-200k,Married,Employed
581,Returning,35,Female,5,50k-100k,Single,Unemployed
582,Returning,42,Female,1,200k+,Divorced,Employed
583,Returning,37,Male,1,200k+,Married,Employed
584,Returning,24,Male,2,50k-100k,Single,Employed
585,Returning,50,Female,1,<50k,Single,Employed
586,New,34,Female,5,<50k,Single,Employed
587,New,35,Female,1,200k+,Married,Employed
588,New,24,Male,3,50k-100k,Married,Employed
589,New,30,Female,2,50k-100k,Married,Unemployed
590,New,25,Male,2,50k-100k,Single,Employed
591,New,33,Male,1,100k-200k,Single,Employed
592,Returning,56,Male,2,<50k,Single,Employed
593,New,19,Female,2,50k-100k,Single,Employed
594,Returning,18,Male,4,200k+,Married,Student
595,Returning,53,Male,1,200k+,Married,Employed
596,Returning,33,Female,3,100k-200k,Single,Employed
597,Returning,27,Male,3,<50k,Single,Employed
598,New,48,Male,3,50k-100k,Single,Employed
599,New,28,Male,2,100k-200k,Single,Employed
600,New,57,Female,1,50k-100k,Single,Employed
601,New,44,Male,2,200k+,Single,Employed
602,New,30,Male,2,100k-200k,Single,Employed
603,New,61,Female,1,<50k,Single,Employed
604,New,28,Female,1,200k+,Single,Employed
605,New,44,Male,1,200k+,Single,Employed
606,Returning,39,Female,1,<50k,Married,Employed
607,New,51,Female,1,100k-200k,Single,Employed
608,Returning,54,Female,2,50k-100k,Widowed,Employed
609,Returning,36,Male,1,50k-100k,Single,Employed
610,Returning,26,Female,3,50k-100k,Single,Employed
611,New,41,Female,1,100k-200k,Single,Employed
612,Returning,27,Male,1,200k+,Single,Employed
613,Returning,60,Male,5,100k-200k,Married,Unemployed
614,New,37,Male,3,<50k,Single,Employed
615,Returning,31,Male,1,100k-200k,Divorced,Employed
616,Returning,38,Female,1,50k-100k,Divorced,Employed
617,New,19,Male,4,200k+,Married,Employed
618,New,24,Male,3,50k-100k,Married,Employed
619,Returning,50,Female,1,50k-100k,Married,Employed
620,Returning,28,Male,1,50k-100k,Single,Employed
621,New,23,Female,3,100k-200k,Married,Employed
622,New,42,Male,3,50k-100k,Single,Employed
623,Returning,50,Male,4,100k-200k,Single,Employed
624,Returning,44,Male,2,50k-100k,Single,Employed
625,Returning,47,Male,1,50k-100k,Married,Employed
626,Returning,26,Male,4,50k-100k,Divorced,Employed
627,Returning,18,Female,2,200k+,Single,Employed
628,Returning,54,Female,1,200k+,Married,Employed
629,New,32,Male,2,50k-100k,Single,Employed
630,New,32,Female,2,50k-100k,Single,Employed
631,Returning,51,Female,2,<50k,Single,Employed
632,Returning,42,Female,1,100k-200k,Single,Employed
633,Returning,41,Male,1,50k-100k,Single,Employed
634,Returning,61,Male,3,200k+,Married,Employed
635,New,28,Male,4,200k+,Married,Unemployed
636,Returning,47,Female,5,50k-100k,Single,Employed
637,Returning,36,Female,4,50k-100k,Single,Employed
638,New,39,Male,2,200k+,Married,Employed
639,New,54,Male,1,200k+,Married,Employed
640,Returning,42,Female,4,<50k,Single,Employed
641,New,42,Female,2,50k-100k,Single,Employed
642,Returning,48,Female,3,50k-100k,Divorced,Unemployed
643,New,31,Female,2,50k-100k,Married,Employed
644,Returning,25,Male,3,50k-100k,Single,Unemployed
645,New,23,Female,1,<50k,Single,Employed
646,Returning,18,Female,2,100k-200k,Married,Employed
647,Returning,60,Male,2,50k-100k,Single,Employed
648,Returning,22,Female,2,<50k,Widowed,Employed
649,Returning,33,Female,3,50k-100k,Single,Employed
650,Returning,32,Male,2,200k+,Married,Employed
651,New,39,Female,2,200k+,Single,Employed
652,Returning,45,Female,3,50k-100k,Single,Unemployed
653,Returning,46,Female,5,50k-100k,Divorced,Employed
654,Returning,29,Male,3,200k+,Single,Employed
655,Returning,33,Male,1,50k-100k,Married,Employed
656,New,39,Female,2,50k-100k,Single,Employed
657,New,33,Male,3,50k-100k,Single,Employed
658,Returning,55,Female,2,50k-100k,Single,Employed
659,Returning,41,Female,3,50k-100k,Married,Employed
660,Returning,44,Male,2,200k+,Single,Employed
661,Returning,43,Female,1,100k-200k,Single,Employed
662,Returning,50,Male,2,50k-100k,Single,Employed
663,Returning,38,Male,1,200k+,Married,Employed
664,New,20,Female,2,<50k,Married,Student
665,New,40,Female,2,50k-100k,Single,Employed
666,New,28,Female,4,100k-200k,Single,Employed
667,New,29,Female,1,100k-200k,Divorced,Employed
668,New,43,Male,2,<50k,Single,Employed
669,New,50,Female,1,50k-100k,Divorced,Employed
670,New,36,Female,1,100k-200k,Divorced,Employed
671,New,39,Female,1,100k-200k,Married,Employed
672,Returning,56,Female,2,100k-200k,Single,Unemployed
673,New,38,Male,1,50k-100k,Married,Employed
674,Returning,67,Female,1,<50k,Married,Retired
675,Returning,42,Male,4,50k-100k,Married,Employed
676,Returning,18,Male,3,<50k,Single,Student
677,New,45,Male,4,200k+,Single,Employed
678,Returning,40,Female,2,50k-100k,Single,Employed
679,Returning,51,Female,2,50k-100k,Married,Employed
680,Returning,44,Female,2,100k-200k,Married,Employed
681,Returning,34,Female,1,50k-100k,Single,Employed
682,New,21,Female,1,50k-100k,Single,Student
683,New,33,Female,1,200k+,Single,Employed
684,Returning,25,Male,1,200k+,Married,Employed
685,Returning,29,Male,3,100k-200k,Divorced,Employed
686,Returning,43,Male,2,<50k,Single,Unemployed
687,Returning,56,Female,2,100k-200k,Single,Employed
688,New,40,Female,2,100k-200k,Single,Employed
689,Returning,21,Male,1,<50k,Married,Employed
690,New,41,Male,1,50k-100k,Married,Unemployed
691,Returning,50,Female,4,200k+,Divorced,Employed
692,Returning,28,Male,2,<50k,Single,Employed
693,Returning,34,Female,4,100k-200k,Widowed,Employed
694,New,36,Female,4,50k-100k,Single,Employed
695,New,26,Male,2,50k-100k,Married,Employed
696,Returning,43,Male,1,<50k,Single,Employed
697,New,34,Female,3,200k+,Divorced,Employed
698,Returning,41,Female,3,50k-100k,Married,Employed
699,New,25,Female,1,100k-200k,Married,Employed
700,Returning,30,Female,1,100k-200k,Married,Employed
701,Returning,44,Male,4,100k-200k,Single,Employed
702,New,31,Male,1,200k+,Single,Employed
703,Returning,56,Female,4,100k-200k,Divorced,Employed
704,New,31,Female,1,50k-100k,Single,Employed
705,New,38,Male,3,200k+,Single,Employed
706,Returning,47,Female,3,100k-200k,Single,Employed
707,Returning,18,Female,3,50k-100k,Married,Student
708,Returning,18,Male,2,<50k,Single,Student
709,New,18,Male,1,200k+,Single,Student
710,Returning,51,Female,1,50k-100k,Single,Employed
711,Returning,29,Male,2,100k-200k,Single,Employed
712,Returning,66,Male,2,50k-100k,Divorced,Retired
713,Returning,29,Male,2,50k-100k,Widowed,Employed
714,Returning,38,Female,3,100k-200k,Married,Employed
715,Returning,54,Female,3,<50k,Single,Employed
716,Returning,60,Female,1,50k-100k,Divorced,Employed
717,Returning,60,Male,2,100k-200k,Married,Employed
718,Returning,50,Female,1,50k-100k,Single,Employed
719,New,48,Female,2,100k-200k,Divorced,Employed
720,Returning,43,Female,1,200k+,Married,Employed
721,Returning,45,Female,1,100k-200k,Married,Employed
722,New,29,Male,1,<50k,Married,Employed
723,New,26,Female,2,50k-100k,Single,Employed
724,Returning,35,Male,1,100k-200k,Single,Employed
725,Returning,33,Female,1,200k+,Married,Employed
726,Returning,30,Male,2,200k+,Single,Employed
727,New,44,Male,4,200k+,Single,Employed
728,Returning,47,Male,1,50k-100k,Married,Employed
729,New,37,Female,1,50k-100k,Married,Employed
730,New,53,Male,4,50k-100k,Single,Unemployed
731,New,22,Female,2,50k-100k,Married,Employed
732,Returning,33,Male,1,<50k,Married,Employed
733,Returning,27,Male,1,200k+,Married,Employed
734,Returning,18,Female,3,50k-100k,Single,Student
735,Returning,35,Male,1,50k-100k,Single,Employed
736,Returning,34,Male,3,<50k,Single,Employed
737,Returning,54,Female,3,200k+,Single,Employed
738,Returning,43,Male,2,100k-200k,Single,Employed
739,Returning,23,Male,2,100k-200k,Single,Employed
740,Returning,58,Male,4,200k+,Single,Unemployed
741,Returning,50,Female,1,50k-100k,Divorced,Employed
742,Returning,42,Female,1,100k-200k,Single,Unemployed
743,Returning,33,Female,2,<50k,Married,Unemployed
744,Returning,24,Female,1,50k-100k,Married,Employed
745,New,31,Male,3,200k+,Single,Employed
746,Returning,49,Male,3,100k-200k,Divorced,Employed
747,Returning,58,Female,4,50k-100k,Married,Employed
748,Returning,54,Male,1,50k-100k,Single,Employed
749,Returning,30,Male,1,100k-200k,Married,Employed
750,Returning,22,Male,1,<50k,Single,Employed
751,New,37,Male,1,50k-100k,Married,Employed
752,Returning,18,Female,2,50k-100k,Single,Student
753,Returning,39,Male,1,50k-100k,Married,Employed
754,Returning,34,Female,1,200k+,Single,Employed
755,New,30,Male,2,50k-100k,Married,Employed
756,Returning,18,Female,4,50k-100k,Single,Student
757,Returning,42,Male,1,100k-200k,Married,Employed
758,Returning,29,Male,1,200k+,Married,Employed
759,Returning,21,Female,1,50k-100k,Single,Student
760,Returning,18,Female,1,<50k,Married,Employed
761,New,35,Male,4,50k-100k,Single,Employed
762,Returning,57,Male,2,100k-200k,Divorced,Employed
763,New,55,Male,2,100k-200k,Single,Employed
764,Returning,30,Male,2,200k+,Married,Employed
765,New,28,Male,5,200k+,Married,Employed
766,Returning,41,Male,3,100k-200k,Single,Employed
767,Returning,24,Male,4,100k-200k,Single,Employed
768,Returning,39,Male,3,50k-100k,Single,Employed
769,Returning,45,Female,1,<50k,Married,Employed
770,Returning,50,Female,3,200k+,Single,Employed
771,New,34,Female,2,50k-100k,Married,Unemployed
772,Returning,33,Male,3,50k-100k,Married,Employed
773,New,25,Male,3,100k-200k,Single,Employed
774,Returning,26,Female,1,50k-100k,Married,Employed
775,Returning,33,Male,1,100k-200k,Single,Employed
776,New,40,Male,4,100k-200k,Single,Employed
777,New,46,Female,1,50k-100k,Married,Employed
778,Returning,26,Female,2,200k+,Single,Employed
779,Returning,53,Female,3,50k-100k,Single,Employed
780,Returning,32,Male,1,50k-100k,Divorced,Employed
781,Returning,35,Male,1,100k-200k,Single,Employed
782,Returning,27,Female,3,100k-200k,Widowed,Employed
783,New,18,Male,2,100k-200k,Widowed,Student
784,Returning,46,Female,1,50k-100k,Single,Employed
785,New,44,Female,2,100k-200k,Single,Unemployed
786,Returning,32,Female,1,50k-100k,Married,Employed
787,Returning,36,Male,1,200k+,Single,Employed
788,Returning,42,Male,2,50k-100k,Single,Employed
789,Returning,18,Female,1,100k-200k,Married,Student
790,Returning,29,Female,3,<50k,Single,Employed
791,New,45,Female,2,50k-100k,Divorced,Unemployed
792,Returning,20,Male,4,50k-100k,Single,Student
793,Returning,39,Male,1,200k+,Single,Employed
794,Returning,19,Female,1,100k-200k,Single,Student
795,New,41,Female,1,200k+,Widowed,Employed
796,Returning,35,Female,4,50k-100k,Married,Employed
797,Returning,18,Male,1,50k-100k,Married,Student
798,Returning,49,Female,5,<50k,Single,Unemployed
799,Returning,27,Female,1,200k+,Single,Employed
800,Returning,26,Female,3,50k-100k,Single,Employed
801,Returning,38,Male,2,200k+,Single,Employed
802,New,49,Male,1,200k+,Married,Employed
803,Returning,23,Female,1,200k+,Married,Unemployed
804,Returning,36,Male,1,100k-200k,Single,Employed
805,Returning,41,Male,2,100k-200k,Divorced,Employed
806,Returning,44,Female,3,100k-200k,Single,Employed
807,Returning,38,Male,2,<50k,Widowed,Employed
808,Returning,31,Female,3,100k-200k,Single,Employed
809,Returning,26,Male,3,<50k,Single,Employed
810,New,37,Female,1,50k-100k,Single,Employed
811,Returning,23,Female,2,50k-100k,Single,Employed
812,Returning,18,Male,2,50k-100k,Married,Student
813,New,41,Male,2,50k-100k,Single,Employed
814,Returning,46,Male,4,50k-100k,Single,Employed
815,Returning,18,Male,1,100k-200k,Married,Student
816,Returning,23,Female,1,<50k,Married,Employed
817,Returning,43,Female,1,100k-200k,Married,Employed
818,Returning,60,Male,2,50k-100k,Single,Employed
819,New,36,Male,1,100k-200k,Married,Employed
820,Returning,27,Male,1,100k-200k,Married,Employed
821,Returning,33,Female,1,100k-200k,Single,Employed
822,New,52,Male,2,100k-200k,Single,Employed
823,Returning,28,Female,2,50k-100k,Single,Employed
824,Returning,26,Female,3,100k-200k,Single,Employed
825,Returning,30,Female,1,50k-100k,Single,Employed
826,Returning,24,Male,5,50k-100k,Single,Employed
827,Returning,37,Female,5,100k-200k,Married,Employed
828,Returning,55,Male,1,<50k,Married,Employed
829,Returning,39,Male,4,100k-200k,Widowed,Employed
830,Returning,32,Female,2,100k-200k,Married,Unemployed
831,New,32,Female,3,50k-100k,Single,Employed
832,Returning,18,Male,2,<50k,Divorced,Student
833,New,46,Male,3,<50k,Divorced,Employed
834,New,35,Male,2,200k+,Single,Employed
835,Returning,33,Male,2,100k-200k,Married,Employed
836,Returning,74,Male,2,<50k,Widowed,Retired
837,Returning,39,Male,2,50k-100k,Married,Employed
838,Returning,26,Male,1,100k-200k,Divorced,Employed
839,Returning,30,Female,4,200k+,Single,Employed
840,Returning,49,Female,4,<50k,Single,Employed
841,New,37,Female,1,50k-100k,Single,Unemployed
842,Returning,18,Male,3,200k+,Married,Student
843,New,47,Female,1,<50k,Married,Employed
844,Returning,27,Female,2,50k-100k,Widowed,Employed
845,New,58,Female,1,200k+,Single,Employed
846,Returning,48,Female,3,100k-200k,Single,Employed
847,New,30,Female,2,50k-100k,Married,Employed
848,Returning,51,Female,1,<50k,Married,Employed
849,Returning,36,Male,1,<50k,Single,Employed
850,Returning,46,Female,1,50k-100k,Single,Employed
851,New,41,Female,4,200k+,Married,Employed
852,Returning,25,Female,2,50k-100k,Married,Employed
853,New,28,Female,2,100k-200k,Single,Unemployed
854,Returning,48,Male,3,200k+,Single,Employed
855,New,31,Male,5,50k-100k,Widowed,Employed
856,New,31,Female,3,50k-100k,Married,Employed
857,New,24,Female,1,100k-200k,Single,Employed
858,Returning,41,Female,1,200k+,Single,Employed
859,Returning,60,Male,2,200k+,Married,Employed
860,New,23,Male,2,<50k,Single,Unemployed
861,Returning,36,Female,2,100k-200k,Single,Unemployed
862,Returning,52,Female,3,100k-200k,Married,Employed
863,Returning,35,Female,1,200k+,Single,Employed
864,Returning,41,Male,1,<50k,Married,Employed
865,Returning,23,Female,3,100k-200k,Single,Employed
866,Returning,41,Male,2,200k+,Married,Employed
867,New,33,Female,3,50k-100k,Single,Employed
868,New,47,Male,1,50k-100k,Single,Unemployed
869,Returning,50,Male,3,<50k,Single,Employed
870,Returning,67,Female,3,50k-100k,Divorced,Retired
871,Returning,42,Female,1,50k-100k,Divorced,Employed
872,New,39,Male,3,200k+,Single,Unemployed
873,Returning,38,Female,4,50k-100k,Married,Employed
874,Returning,31,Male,2,50k-100k,Married,Employed
875,New,40,Male,1,100k-200k,Widowed,Employed
876,New,32,Male,4,50k-100k,Single,Employed
877,Returning,38,Male,1,50k-100k,Married,Employed
878,Returning,51,Male,1,100k-200k,Single,Employed
879,New,23,Male,3,200k+,Single,Employed
880,New,49,Male,1,100k-200k,Widowed,Employed
881,New,51,Female,4,100k-200k,Married,Employed
882,Returning,34,Male,3,<50k,Single,Employed
883,New,18,Female,1,200k+,Single,Student
884,New,28,Male,2,<50k,Married,Employed
885,Returning,51,Female,3,100k-200k,Married,Unemployed
886,New,35,Male,2,50k-100k,Single,Employed
887,Returning,24,Male,1,200k+,Widowed,Employed
888,New,29,Male,4,100k-200k,Single,Employed
889,New,46,Male,1,100k-200k,Single,Employed
890,New,42,Male,1,50k-100k,Divorced,Employed
891,Returning,33,Female,1,50k-100k,Single,Employed
892,Returning,31,Female,3,100k-200k,Single,Employed
893,Returning,31,Female,1,100k-200k,Married,Employed
894,Returning,24,Female,2,<50k,Married,Employed
895,Returning,55,Male,1,200k+,Single,Employed
896,New,32,Male,1,200k+,Divorced,Employed
897,New,50,Male,2,50k-100k,Married,Employed
898,Returning,54,Male,4,200k+,Single,Employed
899,New,47,Female,4,100k-200k,Married,Unemployed
900,New,30,Female,3,50k-100k,Single,Employed
901,New,40,Male,4,50k-100k,Single,Employed
902,New,35,Male,1,100k-200k,Married,Employed
903,New,25,Female,2,100k-200k,Widowed,Unemployed
904,Returning,39,Female,1,50k-100k,Single,Employed
905,Returning,21,Male,1,100k-200k,Single,Employed
906,Returning,50,Female,4,100k-200k,Single,Employed
907,Returning,30,Female,2,100k-200k,Single,Unemployed
908,Returning,38,Male,1,<50k,Single,Employed
909,New,39,Male,3,200k+,Single,Employed
910,Returning,32,Male,1,50k-100k,Married,Employed
911,Returning,43,Female,2,50k-100k,Single,Employed
912,New,30,Female,2,50k-100k,Single,Employed
913,Returning,46,Male,1,50k-100k,Married,Employed
914,Returning,19,Male,2,200k+,Married,Employed
915,Returning,37,Female,5,50k-100k,Single,Employed
916,Returning,59,Male,2,100k-200k,Single,Employed
917,New,23,Male,3,<50k,Married,Employed
918,Returning,27,Female,1,50k-100k,Single,Employed
919,Returning,42,Female,2,200k+,Single,Employed
920,New,38,Female,1,100k-200k,Married,Employed
921,Returning,40,Female,3,50k-100k,Single,Employed
922,Returning,41,Female,2,100k-200k,Single,Employed
923,Returning,43,Male,1,50k-100k,Single,Employed
924,Returning,49,Female,2,50k-100k,Single,Employed
925,Returning,40,Male,1,100k-200k,Single,Employed
926,New,33,Female,2,100k-200k,Widowed,Employed
927,New,44,Male,5,50k-100k,Single,Employed
928,Returning,58,Female,3,200k+,Single,Employed
929,Returning,34,Male,4,100k-200k,Single,Employed
930,New,24,Male,2,50k-100k,Divorced,Employed
931,New,49,Male,2,100k-200k,Married,Unemployed
932,Returning,34,Male,1,100k-200k,Single,Employed
933,Returning,18,Female,2,100k-200k,Divorced,Employed
934,Returning,46,Female,1,50k-100k,Single,Employed
935,New,29,Female,1,100k-200k,Single,Unemployed
936,New,34,Male,2,50k-100k,Single,Employed
937,New,39,Male,3,200k+,Single,Employed
938,Returning,38,Male,1,100k-200k,Single,Employed
939,New,44,Male,2,<50k,Married,Employed
940,Returning,30,Female,1,100k-200k,Single,Unemployed
941,New,42,Male,2,200k+,Married,Employed
942,Returning,32,Male,1,200k+,Single,Employed
943,Returning,44,Male,1,50k-100k,Single,Unemployed
944,Returning,43,Male,3,<50k,Single,Employed
945,New,24,Female,3,100k-200k,Divorced,Employed
946,New,49,Female,1,<50k,Single,Employed
947,New,29,Male,1,200k+,Married,Unemployed
948,Returning,45,Male,3,50k-100k,Single,Employed
949,Returning,40,Male,3,50k-100k,Single,Employed
950,Returning,58,Male,3,50k-100k,Single,Employed
951,Returning,33,Male,1,50k-100k,Single,Employed
952,Returning,31,Female,1,100k-200k,Single,Employed
953,New,35,Female,1,50k-100k,Single,Unemployed
954,Returning,32,Female,4,50k-100k,Married,Unemployed
955,Returning,45,Male,1,50k-100k,Single,Employed
956,Returning,18,Male,3,100k-200k,Married,Student
957,Returning,23,Female,1,<50k,Single,Employed
958,New,23,Female,1,100k-200k,Married,Employed
959,New,47,Female,4,100k-200k,Married,Employed
960,Returning,56,Male,1,100k-200k,Single,Unemployed
961,New,34,Male,2,200k+,Single,Employed
962,Returning,33,Male,4,200k+,Married,Employed
963,New,36,Female,1,200k+,Divorced,Employed
964,Returning,49,Female,1,50k-100k,Single,Employed
965,New,24,Female,1,<50k,Single,Employed
966,Returning,38,Male,2,50k-100k,Divorced,Employed
967,Returning,47,Female,1,200k+,Single,Employed
968,New,42,Male,1,200k+,Married,Unemployed
969,Returning,38,Male,1,200k+,Single,Employed
970,Returning,48,Male,3,<50k,Single,Employed
971,Returning,18,Female,1,200k+,Married,Student
972,Returning,44,Male,1,50k-100k,Married,Employed
973,Returning,28,Male,3,<50k,Single,Employed
974,New,18,Female,1,50k-100k,Single,Student
975,New,42,Male,2,<50k,Married,Unemployed
976,New,52,Male,1,100k-200k,Married,Employed
977,Returning,34,Male,1,50k-100k,Single,Employed
978,New,47,Male,3,50k-100k,Married,Employed
979,Returning,55,Female,1,100k-200k,Married,Employed
980,Returning,51,Male,4,200k+,Married,Employed
981,Returning,55,Male,2,100k-200k,Married,Employed
982,Returning,44,Female,1,50k-100k,Single,Employed
983,New,36,Female,4,200k+,Married,Employed
984,New,18,Female,2,200k+,Married,Student
985,Returning,33,Male,1,<50k,Single,Employed
986,Returning,25,Male,1,100k-200k,Single,Employed
987,Returning,62,Female,2,50k-100k,Single,Employed
988,Returning,33,Female,1,<50k,Married,Unemployed
989,New,37,Female,2,100k-200k,Single,Employed
990,Returning,42,Female,2,200k+,Married,Employed
991,Returning,36,Female,1,50k-100k,Divorced,Employed
992,Returning,56,Male,1,200k+,Married,Employed
993,New,28,Male,5,200k+,Divorced,Employed
994,Returning,38,Female,1,200k+,Widowed,Employed
995,Returning,27,Male,5,50k-100k,Single,Employed
996,New,20,Male,4,200k+,Married,Student
997,Returning,28,Female,2,50k-100k,Single,Employed
998,New,35,Female,1,100k-200k,Divorced,Employed
999,Returning,30,Male,1,<50k,Single,Employed
1000,Returning,27,Male,3,<50k,Widowed,Employed
