CustomerID,NewOrReturning,Age,Gender,HouseholdSize,IncomeBracket,MaritalStatus,EmploymentStatus,TravelDistance,Utility,PurchaseDecision
1,Returning,38,Female,3,200k+,Married,Employed,3.8,-4.216497150218457,False
2,Returning,19,Male,1,50k-100k,Single,Student,6.31,-4.435926331812159,False
3,Returning,40,Male,4,<50k,Single,Employed,0.36,-5.810453681007637,False
4,Returning,43,Male,1,200k+,Single,Employed,0.81,-5.927014727422852,False
5,New,42,Female,2,50k-100k,Married,Employed,5.68,-8.004082288330416,False
6,New,48,Male,3,200k+,Single,Employed,0.09,-6.605480346463132,False
7,New,46,Male,1,200k+,Married,Employed,6.79,-5.742074413202475,False
8,Returning,41,Female,1,100k-200k,Single,Employed,0.06,-8.220892064047533,False
9,Returning,35,Male,2,200k+,Single,Employed,4.28,-6.540415790215434,False
10,Returning,18,Male,2,<50k,Single,Student,1.82,-8.297836470922634,False
11,New,41,Male,2,50k-100k,Single,Employed,3.78,-5.876323835697373,False
12,Returning,38,Male,1,100k-200k,Single,Employed,4.76,-4.807234029151183,False
13,Returning,39,Male,3,50k-100k,Single,Employed,1.68,-4.886225481375671,False
14,New,20,Male,5,200k+,Widowed,Student,0.46,-5.216215537920759,False
15,New,23,Female,1,<50k,Married,Employed,0.29,-7.634896341198569,False
16,New,48,Female,2,100k-200k,Single,Employed,3.56,-7.638065158519959,False
17,Returning,35,Female,2,100k-200k,Single,Employed,2.94,-7.490868699401502,False
18,Returning,44,Male,5,100k-200k,Divorced,Employed,5.42,-6.325982577254499,False
19,Returning,36,Female,1,50k-100k,Single,Employed,2.85,-6.991359698035675,False
20,New,36,Male,2,50k-100k,Single,Employed,2.2,-6.209748497991587,False
21,Returning,47,Male,1,200k+,Married,Employed,2.03,-6.994664218126968,False
22,New,29,Female,1,50k-100k,Married,Employed,0.11,-6.1895241063317386,False
23,New,37,Male,2,200k+,Married,Employed,1.64,-6.071273502799473,False
24,Returning,30,Male,1,100k-200k,Single,Unemployed,14.92,-4.401454288258974,False
25,Returning,30,Male,4,100k-200k,Single,Employed,8.27,-3.469249447328796,False
26,Returning,32,Female,2,100k-200k,Married,Employed,1.6,-7.15023173420037,False
27,New,38,Male,3,50k-100k,Single,Employed,3.54,-5.290295421707631,False
28,Returning,30,Female,1,100k-200k,Married,Employed,7.52,-5.235973228476073,False
29,Returning,51,Female,1,200k+,Married,Employed,2.33,-6.288986280969695,False
30,New,25,Male,3,50k-100k,Single,Employed,0.07,-5.27924367913404,False
31,Returning,33,Male,2,200k+,Divorced,Employed,0.31,-5.189485845442993,False
32,New,30,Male,2,50k-100k,Married,Employed,2.86,-6.917490795988428,False
33,New,53,Male,1,<50k,Married,Employed,13.95,-4.954660583857924,False
34,Returning,38,Male,1,50k-100k,Single,Employed,4.73,-5.549288317415934,False
35,Returning,48,Female,2,200k+,Single,Employed,0.29,-6.319506748022585,False
36,Returning,18,Female,1,50k-100k,Single,Student,0.84,-5.828978667712201,False
37,Returning,39,Female,4,200k+,Single,Unemployed,5.9,-4.928807982089724,False
38,New,46,Male,5,200k+,Widowed,Unemployed,7.37,-3.1419387596439874,False
39,Returning,36,Female,1,50k-100k,Single,Employed,3.85,-7.482779135929788,False
40,Returning,48,Female,1,<50k,Single,Employed,4.14,-6.291435989747398,False
41,New,29,Female,5,100k-200k,Single,Unemployed,0.11,-6.937002511512191,False
42,Returning,52,Male,1,50k-100k,Married,Employed,7.05,-4.998392544560956,False
43,New,63,Female,1,100k-200k,Single,Employed,6.21,-7.150671890045545,False
44,Returning,31,Male,1,50k-100k,Single,Employed,1.2,-5.978687289775114,False
45,New,30,Male,3,50k-100k,Single,Employed,4.93,-6.090548431348341,False
46,Returning,53,Male,2,100k-200k,Divorced,Employed,0.97,-6.953661866121014,False
47,Returning,54,Female,3,50k-100k,Single,Employed,0.16,-7.742498203540688,False
48,Returning,29,Female,5,50k-100k,Divorced,Employed,0.9,-6.325075946201006,False
49,Returning,30,Male,5,50k-100k,Married,Employed,0.79,-4.746999469709074,False
50,New,32,Male,2,50k-100k,Single,Employed,1.65,-6.137688683529479,False
51,Returning,19,Male,3,100k-200k,Married,Student,2.17,-5.1418195821255255,False
52,Returning,24,Male,5,200k+,Single,Employed,2.84,-3.4293581780337252,False
53,Returning,23,Male,3,50k-100k,Widowed,Employed,2.59,-5.612744415177424,False
54,Returning,26,Male,2,100k-200k,Married,Employed,1.26,-6.549799572062341,False
55,Returning,35,Female,3,100k-200k,Single,Employed,0.12,-5.53974778481721,False
56,Returning,38,Male,1,50k-100k,Single,Employed,3.72,-6.526296146314293,False
57,New,54,Male,1,50k-100k,Single,Employed,2.02,-6.82142268329717,False
58,New,24,Male,4,200k+,Widowed,Employed,1.42,-7.076892799618985,False
59,New,47,Female,1,100k-200k,Single,Employed,8.07,-4.248242508915608,False
60,Returning,33,Female,5,100k-200k,Married,Employed,5.49,-5.327502575649439,False
61,Returning,35,Female,2,100k-200k,Single,Employed,7.8,-4.822901754184138,False
62,New,44,Male,3,<50k,Divorced,Employed,2.73,-7.19646192860664,False
63,Returning,22,Female,2,100k-200k,Single,Employed,0.56,-5.5900523702845275,False
64,Returning,40,Male,1,100k-200k,Married,Employed,4.77,-6.446441238135083,False
65,New,37,Female,1,100k-200k,Single,Employed,0.92,-6.338708721701824,False
66,Returning,41,Female,4,50k-100k,Married,Employed,2.33,-4.927673968760875,False
67,New,39,Female,3,<50k,Single,Employed,0.27,-5.613740687767471,False
68,Returning,65,Female,3,50k-100k,Single,Employed,6.98,-5.350030072516941,False
69,New,28,Female,5,200k+,Single,Employed,0.54,-7.227131032706718,False
70,Returning,29,Male,1,50k-100k,Married,Employed,9.34,-2.151189429939359,False
71,Returning,28,Female,4,50k-100k,Single,Employed,7.99,-3.095641029726864,False
72,New,29,Male,1,<50k,Married,Employed,2.5,-5.6473251751117015,False
73,New,28,Female,1,<50k,Single,Employed,5.46,-6.624203781590971,False
74,Returning,50,Male,1,100k-200k,Divorced,Employed,3.86,-6.034592161701965,False
75,Returning,53,Male,1,100k-200k,Divorced,Employed,6.5,-6.083420429776517,False
76,Returning,29,Male,1,100k-200k,Married,Employed,2.26,-4.742144060903612,False
77,Returning,26,Male,4,50k-100k,Single,Employed,6.16,-4.843497109148166,False
78,New,41,Male,2,100k-200k,Single,Employed,2.48,-6.617163858359833,False
79,Returning,29,Female,1,50k-100k,Single,Employed,11.32,-5.267755099124782,False
80,New,43,Male,1,50k-100k,Single,Unemployed,2.67,-5.393311857430096,False
81,Returning,38,Male,1,50k-100k,Married,Employed,2.48,-4.6179021531795215,False
82,Returning,18,Female,2,50k-100k,Married,Student,6.15,-3.9891684365137543,False
83,Returning,54,Male,2,50k-100k,Divorced,Employed,6.89,-4.779467934946023,False
84,New,57,Female,1,100k-200k,Single,Employed,3.23,-6.203124868802637,False
85,Returning,28,Female,2,100k-200k,Married,Employed,0.79,-9.31301382532912,False
86,Returning,31,Female,1,200k+,Single,Employed,2.52,-5.479839976191778,False
87,Returning,39,Female,2,50k-100k,Married,Employed,13.78,-4.3798287588441,False
88,Returning,40,Male,2,<50k,Single,Unemployed,5.59,-5.971517903678647,False
89,Returning,43,Female,1,50k-100k,Single,Employed,6.67,-5.510602652966793,False
90,Returning,60,Male,2,200k+,Single,Employed,0.13,-7.456762161949157,False
91,New,33,Male,1,100k-200k,Married,Employed,2.52,-5.429591443148815,False
92,Returning,26,Female,3,100k-200k,Divorced,Employed,4.16,-4.8237836859681495,False
93,Returning,19,Male,4,<50k,Single,Student,7.09,-4.549161217940341,False
94,Returning,27,Female,4,100k-200k,Single,Employed,0.2,-4.858422996426613,False
95,Returning,35,Female,3,<50k,Single,Employed,7.65,-4.673448355078377,False
96,Returning,57,Female,3,100k-200k,Married,Employed,3.18,-6.118029411538911,False
97,Returning,29,Female,2,200k+,Single,Employed,0.88,-5.93383684791609,False
98,Returning,38,Male,1,200k+,Married,Employed,1.53,-5.919375132746623,False
99,New,35,Male,2,100k-200k,Widowed,Employed,1.32,-5.969300550893381,False
100,New,50,Female,3,50k-100k,Divorced,Employed,3.03,-4.94728234402827,False
101,New,66,Male,1,200k+,Single,Employed,0.21,-5.654831246977509,False
102,Returning,29,Female,2,100k-200k,Divorced,Employed,0.69,-4.064156560430046,False
103,Returning,30,Female,1,<50k,Married,Employed,6.7,-3.538531020115328,False
104,Returning,48,Female,1,50k-100k,Single,Employed,0.57,-6.424850417386075,False
105,Returning,44,Male,2,50k-100k,Married,Employed,1.06,-10.147655548459369,False
106,New,58,Male,3,50k-100k,Married,Employed,2.42,-4.790167533872734,False
107,Returning,43,Male,2,50k-100k,Single,Employed,2.91,-6.518876338987055,False
108,Returning,31,Male,1,100k-200k,Single,Employed,5.77,-6.240983921831006,False
109,New,43,Female,3,50k-100k,Single,Employed,2.37,-6.3079452749893665,False
110,New,49,Male,2,50k-100k,Married,Employed,6.24,-6.0056430468146065,False
111,New,45,Male,2,100k-200k,Single,Employed,3.85,-5.035230189894607,False
112,New,42,Male,1,200k+,Divorced,Employed,0.48,-7.797435779126225,False
113,Returning,48,Female,4,100k-200k,Married,Employed,0.68,-6.965720745791602,False
114,Returning,50,Female,2,50k-100k,Married,Employed,2.3,-5.8118414458025836,False
115,Returning,52,Male,2,200k+,Single,Employed,2.02,-5.184055969586693,False
116,Returning,43,Male,1,200k+,Married,Employed,5.44,-4.8074583550639876,False
117,Returning,33,Male,2,50k-100k,Single,Employed,3.48,-6.630036278933299,False
118,New,37,Male,2,<50k,Single,Employed,1.96,-7.269265649266241,False
119,Returning,50,Female,2,100k-200k,Married,Employed,0.75,-6.69413483378792,False
120,Returning,26,Female,4,200k+,Single,Employed,1.03,-5.285627247715275,False
121,Returning,40,Male,1,200k+,Married,Employed,3.43,-4.25002263072745,False
122,Returning,31,Male,1,200k+,Single,Employed,2.2,-7.8724371857707505,False
123,Returning,36,Female,4,100k-200k,Single,Employed,2.89,-5.667228756958367,False
124,New,51,Male,1,100k-200k,Single,Employed,0.75,-7.625178441025204,False
125,New,38,Female,1,<50k,Widowed,Employed,4.35,-7.83974267735349,False
126,Returning,36,Male,3,50k-100k,Married,Employed,7.66,-4.164043354655184,False
127,Returning,19,Male,1,50k-100k,Married,Student,1.19,-5.8718754255006615,False
128,Returning,44,Male,1,100k-200k,Single,Employed,2.71,-5.514066484052737,False
129,New,43,Male,1,100k-200k,Single,Unemployed,14.84,-3.5679741602690065,False
130,Returning,61,Female,1,100k-200k,Widowed,Employed,1.62,-6.791718896766136,False
131,Returning,32,Male,2,50k-100k,Single,Employed,3.62,-6.249637516333529,False
132,New,38,Male,2,100k-200k,Single,Employed,0.38,-3.9472693832774257,False
133,New,38,Male,1,<50k,Married,Unemployed,3.73,-6.827071054259574,False
134,Returning,54,Male,2,50k-100k,Single,Unemployed,0.38,-6.027867886945908,False
135,Returning,34,Male,3,100k-200k,Married,Employed,12.8,-4.143618459036685,False
136,Returning,39,Male,1,100k-200k,Married,Employed,5.03,-7.488758530078415,False
137,Returning,43,Female,3,200k+,Single,Employed,6.21,-7.0281290038012685,False
138,Returning,38,Male,1,50k-100k,Single,Employed,4.87,-6.388484219939905,False
139,Returning,30,Male,4,50k-100k,Single,Employed,3.56,-4.459898748330011,False
140,Returning,38,Female,5,50k-100k,Divorced,Employed,2.39,-4.893208343363996,False
141,Returning,48,Male,1,50k-100k,Married,Employed,7.82,-4.552922835775966,False
142,New,23,Female,1,200k+,Single,Employed,12.57,-5.216546178936315,False
143,Returning,37,Male,4,100k-200k,Single,Employed,2.76,-3.8551275098776863,False
144,Returning,27,Female,1,200k+,Married,Employed,10.73,-5.540393300186384,False
145,New,50,Female,1,50k-100k,Married,Employed,3.5,-5.9121756013300315,False
146,New,18,Female,3,200k+,Single,Student,3.09,-5.436852289907737,False
147,Returning,29,Female,2,<50k,Single,Employed,2.42,-6.355873820314587,False
148,Returning,40,Male,1,200k+,Single,Employed,0.94,-4.720407861704393,False
149,New,54,Female,1,50k-100k,Married,Employed,0.01,-7.37361052016596,False
150,New,35,Male,2,50k-100k,Widowed,Employed,1.11,-7.658105255711929,False
151,Returning,29,Male,1,100k-200k,Single,Employed,2.85,-5.847504513793581,False
152,New,58,Male,4,200k+,Married,Employed,1.91,-6.003326734286527,False
153,New,18,Female,3,<50k,Single,Student,2.38,-2.7056170809173543,False
154,Returning,18,Male,1,50k-100k,Single,Student,15.78,-3.496492523560025,False
155,Returning,41,Female,2,200k+,Single,Employed,1.72,-6.206340575218625,False
156,New,29,Female,4,50k-100k,Married,Employed,2.41,-6.789611569187087,False
157,Returning,23,Female,2,50k-100k,Single,Employed,0.57,-8.109788410568784,False
158,Returning,44,Female,1,50k-100k,Married,Employed,0.2,-7.615219085737433,False
159,New,38,Male,2,50k-100k,Single,Employed,5.97,-5.379558228240868,False
160,Returning,29,Male,2,200k+,Single,Employed,3.38,-4.06067134840523,False
161,Returning,20,Male,2,100k-200k,Single,Student,5.72,-4.220310857612081,False
162,Returning,46,Male,1,100k-200k,Married,Employed,0.65,-6.10340516835362,False
163,Returning,43,Male,1,200k+,Single,Unemployed,3.39,-6.379667665702485,False
164,Returning,34,Male,3,50k-100k,Married,Employed,1.17,-5.8256876435878455,False
165,New,58,Male,5,<50k,Single,Employed,1.04,-6.6026379974845755,False
166,Returning,23,Female,1,50k-100k,Single,Employed,0.05,-4.739136004236124,False
167,Returning,18,Female,2,50k-100k,Single,Employed,0.56,-6.395190181275081,False
168,New,27,Male,2,50k-100k,Single,Employed,1.48,-6.199337858246726,False
169,New,35,Female,2,200k+,Single,Employed,0.5,-8.165822425020668,False
170,Returning,38,Male,2,100k-200k,Single,Employed,17.03,-3.830934846522764,False
171,Returning,33,Male,2,50k-100k,Married,Employed,1.48,-5.356515862035058,False
172,New,40,Female,1,100k-200k,Married,Employed,0.56,-7.3837225770385455,False
173,Returning,20,Male,4,100k-200k,Single,Employed,0.89,-6.4172203344928125,False
174,New,53,Male,3,200k+,Single,Employed,3.54,-4.641288982266334,False
175,Returning,35,Female,1,200k+,Single,Employed,0.26,-7.612657223518053,False
176,New,49,Female,2,100k-200k,Single,Employed,7.93,-3.9976989924580817,False
177,Returning,40,Female,2,100k-200k,Single,Employed,13.03,-4.777643890173102,False
178,Returning,41,Female,3,100k-200k,Divorced,Employed,1.13,-6.374068220491203,False
179,Returning,42,Female,1,100k-200k,Single,Employed,2.39,-7.125378405125594,False
180,New,41,Male,2,<50k,Single,Employed,0.09,-6.213453739572117,False
181,Returning,43,Male,1,<50k,Single,Employed,4.09,-3.6916280149706204,False
182,New,51,Male,3,100k-200k,Single,Employed,2.14,-5.002502760539368,False
183,Returning,38,Male,3,50k-100k,Married,Employed,1.26,-6.965285261940536,False
184,Returning,44,Female,2,<50k,Single,Employed,0.93,-5.344879414508524,False
185,New,34,Male,1,100k-200k,Single,Employed,4.25,-5.99917954593425,False
186,Returning,53,Female,3,<50k,Married,Employed,2.15,-4.86801501857244,False
187,Returning,27,Female,2,100k-200k,Single,Employed,0.79,-5.209823597835637,False
188,Returning,57,Female,4,100k-200k,Married,Employed,4.67,-8.277641565471733,False
189,Returning,35,Female,1,200k+,Married,Unemployed,3.33,-7.079579632955028,False
190,New,18,Female,3,50k-100k,Single,Employed,7.83,-4.021114777164611,False
191,New,37,Male,2,<50k,Married,Employed,0.5,-6.408342727854982,False
192,Returning,27,Female,4,100k-200k,Single,Employed,6.16,-5.93475594770785,False
193,Returning,46,Male,1,200k+,Married,Employed,4.48,-6.241589515493813,False
194,Returning,28,Female,2,200k+,Single,Employed,0.49,-7.822736620089381,False
195,Returning,30,Male,1,50k-100k,Single,Employed,4.75,-5.875873287526396,False
196,Returning,18,Female,1,50k-100k,Married,Student,2.33,-4.029810273984236,False
197,Returning,30,Female,1,200k+,Divorced,Employed,11.6,-3.705066609267674,False
198,Returning,18,Male,1,50k-100k,Widowed,Student,0.61,-4.358082998811577,False
199,Returning,18,Male,1,100k-200k,Married,Student,4.12,-4.88960291021002,False
200,Returning,45,Female,2,50k-100k,Single,Employed,1.92,-5.109520656647309,False
201,Returning,45,Male,3,<50k,Single,Employed,12.57,-2.615421312254976,False
202,New,41,Female,5,50k-100k,Single,Employed,1.6,-5.337736740657774,False
203,New,24,Female,3,50k-100k,Single,Employed,13.1,-4.39222732150688,False
204,Returning,35,Male,2,100k-200k,Single,Employed,9.27,-3.751842483377988,False
205,Returning,35,Male,4,200k+,Divorced,Employed,1.26,-4.182159762878115,False
206,New,22,Male,3,50k-100k,Single,Employed,6.51,-5.663464642712209,False
207,New,54,Female,2,200k+,Single,Employed,21.71,-3.5850690823400293,False
208,Returning,46,Male,1,<50k,Single,Unemployed,1.16,-6.8171439675691206,False
209,New,33,Female,1,100k-200k,Married,Unemployed,2.3,-5.538501133068338,False
210,New,36,Male,4,<50k,Married,Unemployed,2.94,-5.4409089513384385,False
211,Returning,38,Female,5,200k+,Married,Employed,1.4,-6.854167600187599,False
212,Returning,18,Female,1,100k-200k,Single,Student,0.06,-4.4193939329366785,False
213,Returning,33,Female,3,100k-200k,Married,Employed,0.99,-6.55766492939685,False
214,New,27,Male,2,200k+,Single,Employed,1.32,-6.052064996888579,False
215,Returning,23,Female,1,100k-200k,Divorced,Employed,2.35,-6.91515435998782,False
216,New,32,Female,2,200k+,Married,Employed,0.75,-3.249171164062912,False
217,Returning,57,Female,1,100k-200k,Single,Unemployed,8.26,-5.303929329712033,False
218,Returning,43,Female,2,200k+,Single,Employed,4.88,-6.183975080681565,False
219,Returning,29,Male,1,100k-200k,Married,Unemployed,0.36,-5.777076450037554,False
220,Returning,42,Male,1,<50k,Single,Employed,4.2,-5.360864220689967,False
221,Returning,52,Female,2,100k-200k,Divorced,Employed,4.24,-5.911727023579884,False
222,Returning,47,Male,1,<50k,Single,Employed,12.51,-4.0678932872166165,False
223,New,36,Female,2,100k-200k,Single,Employed,0.01,-7.003791960830864,False
224,Returning,28,Female,3,50k-100k,Single,Employed,1.14,-6.511918274949252,False
225,New,44,Male,1,100k-200k,Single,Employed,10.51,-6.803716654566063,False
226,New,40,Female,1,<50k,Single,Employed,10.76,-6.459951084219563,False
227,Returning,46,Male,2,50k-100k,Single,Employed,5.1,-3.8573691943293142,False
228,Returning,43,Female,1,50k-100k,Married,Employed,5.81,-4.102071372277686,False
229,Returning,48,Female,2,200k+,Single,Employed,0.38,-5.967211351351037,False
230,Returning,29,Female,3,50k-100k,Widowed,Employed,2.89,-4.198568552810162,False
231,Returning,51,Male,2,50k-100k,Married,Employed,1.05,-6.507574486608305,False
232,Returning,38,Male,3,100k-200k,Married,Employed,0.8,-6.213410302567907,False
233,Returning,60,Female,3,100k-200k,Single,Employed,6.65,-5.095989351534444,False
234,Returning,27,Female,3,50k-100k,Single,Employed,0.58,-6.222921595323565,False
235,New,56,Female,2,50k-100k,Single,Employed,2.53,-6.31569632356018,False
236,Returning,38,Male,1,50k-100k,Married,Employed,11.16,-3.7726018928504477,False
237,New,28,Male,2,200k+,Divorced,Employed,0.82,-5.816864346043797,False
238,New,30,Male,2,<50k,Single,Employed,15.27,-3.5470182355661954,False
239,Returning,32,Female,2,50k-100k,Single,Employed,20.66,-2.229619474722669,False
240,New,41,Male,3,<50k,Divorced,Employed,3.24,-5.680814204345267,False
241,Returning,42,Male,1,50k-100k,Single,Unemployed,0.75,-7.767771325908239,False
242,Returning,29,Female,2,100k-200k,Married,Employed,1.52,-7.319865888964039,False
243,Returning,35,Male,1,50k-100k,Married,Employed,2.21,-6.094719365192695,False
244,Returning,61,Female,1,<50k,Married,Employed,1.48,-6.8542563048249345,False
245,New,56,Female,2,50k-100k,Single,Employed,1.32,-6.194608571079878,False
246,Returning,41,Female,3,<50k,Single,Unemployed,14.34,-4.670054039248586,False
247,Returning,36,Male,1,<50k,Married,Employed,0.67,-4.095926339833433,False
248,Returning,37,Male,1,200k+,Divorced,Employed,5.29,-6.821726255641338,False
249,Returning,43,Female,4,100k-200k,Single,Employed,0.0,-7.904946269821124,False
250,Returning,23,Female,1,200k+,Single,Employed,3.63,-5.23812316648039,False
251,New,32,Female,2,200k+,Married,Employed,9.91,-4.949922554588196,False
252,Returning,18,Male,1,100k-200k,Divorced,Student,1.36,-5.919932130270048,False
253,Returning,40,Female,4,<50k,Married,Employed,0.82,-5.643116977715999,False
254,Returning,43,Female,3,100k-200k,Widowed,Employed,4.22,-4.247895304821102,False
255,New,30,Female,2,200k+,Single,Employed,4.99,-6.758725820383939,False
256,Returning,54,Female,2,100k-200k,Single,Employed,4.66,-6.1277178978571625,False
257,Returning,21,Female,3,100k-200k,Married,Student,1.54,-5.445238741119237,False
258,Returning,18,Female,3,50k-100k,Married,Student,1.16,-5.345536404312773,False
259,Returning,38,Male,1,200k+,Single,Employed,12.49,-2.123050449711614,False
260,New,48,Male,3,100k-200k,Single,Employed,10.27,-3.593796028886133,False
261,Returning,56,Male,3,200k+,Married,Employed,2.44,-5.720788595886277,False
262,Returning,30,Male,1,50k-100k,Single,Employed,7.49,-6.266935752942661,False
263,New,48,Male,4,50k-100k,Single,Employed,2.41,-6.34278985271902,False
264,Returning,35,Male,4,50k-100k,Married,Employed,2.21,-6.386202822957106,False
265,Returning,33,Male,2,100k-200k,Married,Unemployed,0.68,-5.807766371486239,False
266,Returning,46,Male,2,50k-100k,Married,Employed,2.22,-5.89000255441417,False
267,Returning,43,Female,2,<50k,Single,Employed,3.08,-7.476649570842179,False
268,Returning,18,Female,1,200k+,Married,Student,0.09,-6.662401469090432,False
269,Returning,53,Male,2,<50k,Married,Employed,2.35,-5.484952446548579,False
270,New,52,Female,2,200k+,Married,Employed,6.08,-4.896337645025941,False
271,Returning,28,Female,3,50k-100k,Married,Unemployed,4.56,-5.33735538398723,False
272,Returning,40,Male,1,200k+,Single,Unemployed,4.03,-5.562578289942737,False
273,Returning,41,Male,1,100k-200k,Single,Employed,9.61,-3.287069265391141,False
274,Returning,39,Male,3,200k+,Single,Unemployed,0.07,-5.99845693617563,False
275,Returning,29,Female,3,200k+,Single,Employed,3.26,-5.742022797870698,False
276,Returning,27,Female,4,<50k,Married,Employed,6.19,-6.272255041133561,False
277,Returning,35,Male,1,<50k,Married,Employed,3.12,-6.057390541790289,False
278,Returning,50,Male,3,50k-100k,Married,Employed,1.57,-8.555204014775084,False
279,Returning,42,Male,1,100k-200k,Married,Employed,0.59,-6.505789001832713,False
280,Returning,31,Male,2,200k+,Single,Employed,8.74,-4.899839859921344,False
281,Returning,45,Male,5,50k-100k,Single,Employed,2.55,-6.956970853617281,False
282,Returning,18,Male,1,100k-200k,Single,Student,8.42,-6.005265838655996,False
283,Returning,49,Female,1,50k-100k,Single,Employed,3.53,-5.255842469851759,False
284,New,18,Female,3,200k+,Single,Student,4.49,-4.9857882509250375,False
285,Returning,31,Male,3,200k+,Married,Employed,6.52,-4.825211666292672,False
286,New,22,Female,1,50k-100k,Widowed,Employed,4.31,-5.607152466067977,False
287,Returning,20,Male,1,50k-100k,Single,Student,2.03,-6.152872412051076,False
288,Returning,49,Male,3,<50k,Single,Employed,2.88,-4.820137437141685,False
289,New,30,Male,3,100k-200k,Married,Employed,6.5,-4.951570818296352,False
290,Returning,40,Female,1,100k-200k,Single,Employed,1.87,-7.52771311381875,False
291,New,35,Female,2,<50k,Married,Employed,1.96,-4.70087003512559,False
292,New,41,Female,1,50k-100k,Married,Unemployed,0.4,-6.524659732671155,False
293,Returning,36,Male,4,50k-100k,Divorced,Employed,9.84,-5.293253730795068,False
294,Returning,20,Female,1,100k-200k,Single,Employed,0.38,-7.446401718295018,False
295,New,47,Male,2,100k-200k,Married,Employed,4.18,-5.262085779041955,False
296,Returning,30,Female,1,<50k,Single,Employed,2.13,-6.497672004974375,False
297,Returning,18,Male,1,100k-200k,Married,Student,2.08,-4.5038532139675915,False
298,New,30,Male,1,100k-200k,Single,Employed,4.55,-5.963407280666828,False
299,Returning,54,Female,2,50k-100k,Single,Employed,0.28,-7.2653807896824665,False
300,New,46,Female,5,<50k,Married,Employed,3.6,-4.794203781764071,False
301,New,31,Male,1,100k-200k,Married,Employed,5.91,-4.543218107283169,False
302,Returning,31,Female,3,200k+,Married,Employed,7.05,-4.678848632389805,False
303,Returning,32,Male,1,50k-100k,Married,Employed,0.75,-5.771142952325091,False
304,Returning,60,Female,5,50k-100k,Married,Employed,9.11,-4.771187120742238,False
305,Returning,40,Female,2,50k-100k,Single,Employed,4.27,-5.525634898990753,False
306,Returning,41,Female,1,100k-200k,Married,Employed,8.54,-3.9590091174360778,False
307,Returning,48,Female,1,50k-100k,Married,Employed,2.66,-5.615681665978497,False
308,Returning,38,Female,2,50k-100k,Divorced,Employed,3.12,-6.191274438332625,False
309,Returning,32,Male,1,100k-200k,Divorced,Employed,10.06,-3.548637454073849,False
310,New,33,Female,1,100k-200k,Single,Employed,9.21,-7.298355372791512,False
311,Returning,35,Male,3,50k-100k,Married,Employed,2.38,-3.865926688578065,False
312,New,35,Male,1,50k-100k,Single,Employed,1.28,-8.038959094890735,False
313,New,44,Male,1,100k-200k,Single,Employed,2.0,-6.697092824772296,False
314,Returning,36,Male,2,<50k,Married,Employed,1.96,-6.376917535195069,False
315,Returning,44,Female,2,<50k,Single,Employed,1.35,-6.563980670728162,False
316,Returning,35,Male,2,200k+,Married,Employed,1.25,-4.881088959973446,False
317,Returning,36,Female,4,<50k,Single,Employed,7.89,-6.154336618610234,False
318,New,18,Male,3,100k-200k,Single,Student,0.29,-5.735733182516937,False
319,New,46,Male,1,200k+,Married,Employed,4.53,-6.178712098219754,False
320,New,40,Female,3,50k-100k,Married,Employed,0.76,-5.8908590206625835,False
321,Returning,47,Male,1,50k-100k,Divorced,Employed,1.69,-6.496272259797876,False
322,Returning,18,Male,3,100k-200k,Married,Student,0.25,-5.959564347317023,False
323,Returning,61,Female,3,200k+,Married,Employed,1.26,-6.415924832464345,False
324,New,34,Male,2,200k+,Single,Employed,5.85,-5.6525639500960825,False
325,Returning,49,Female,3,100k-200k,Single,Employed,8.65,-4.510227485972573,False
326,Returning,23,Male,2,<50k,Single,Employed,1.0,-5.421284494243956,False
327,Returning,43,Male,3,100k-200k,Married,Unemployed,2.49,-6.689779334197848,False
328,Returning,23,Female,1,50k-100k,Married,Employed,2.54,-7.00276754457291,False
329,Returning,28,Male,3,50k-100k,Single,Employed,8.27,-4.336039834328163,False
330,New,58,Male,2,<50k,Married,Employed,5.76,-5.908503893057689,False
331,Returning,33,Male,4,50k-100k,Married,Employed,2.88,-4.852501866014048,False
332,Returning,38,Male,3,100k-200k,Single,Employed,4.44,-6.279797213371147,False
333,New,46,Female,1,50k-100k,Single,Employed,7.52,-7.231438925423431,False
334,New,41,Male,1,50k-100k,Married,Employed,0.04,-7.132004081826334,False
335,New,37,Female,2,50k-100k,Married,Employed,2.06,-6.892352609265016,False
336,New,40,Female,4,200k+,Divorced,Employed,9.51,-4.5022884000803005,False
337,Returning,64,Male,2,100k-200k,Single,Employed,5.39,-6.148345214270389,False
338,Returning,35,Female,3,50k-100k,Widowed,Employed,3.13,-5.114483048663551,False
339,Returning,38,Male,1,<50k,Single,Employed,3.02,-6.575150262422516,False
340,New,48,Female,2,50k-100k,Single,Employed,1.71,-6.033025501226099,False
341,Returning,49,Male,4,200k+,Widowed,Employed,2.94,-5.296365441559056,False
342,Returning,50,Female,4,100k-200k,Single,Employed,4.26,-5.1160449075878125,False
343,New,43,Male,1,100k-200k,Married,Employed,2.17,-6.113629110454974,False
344,Returning,22,Male,3,100k-200k,Single,Employed,5.01,-4.697899309589687,False
345,Returning,55,Female,1,50k-100k,Married,Employed,7.9,-6.2856551338258075,False
346,Returning,22,Female,2,200k+,Divorced,Employed,0.67,-4.560082073346117,False
347,Returning,39,Male,5,100k-200k,Single,Employed,2.4,-5.621537383368535,False
348,New,26,Male,1,<50k,Married,Employed,2.1,-7.726549137898681,False
349,Returning,35,Female,2,<50k,Single,Employed,4.65,-5.689426643008226,False
350,Returning,39,Female,2,100k-200k,Married,Employed,1.15,-6.923680482447485,False
351,Returning,39,Female,1,200k+,Single,Employed,4.09,-4.916165465491125,False
352,Returning,41,Female,3,50k-100k,Single,Employed,8.4,-2.7853944239576225,False
353,Returning,55,Female,1,200k+,Single,Employed,2.17,-6.73607209155785,False
354,New,41,Female,4,100k-200k,Single,Employed,9.68,-4.120627666776015,False
355,New,33,Male,5,50k-100k,Divorced,Unemployed,19.94,-5.129505588704627,False
356,Returning,47,Male,3,<50k,Single,Employed,0.45,-5.963594770558653,False
357,New,50,Female,2,<50k,Single,Unemployed,1.06,-7.72671379979969,False
358,Returning,21,Female,1,100k-200k,Single,Employed,12.01,-5.078334618434482,False
359,Returning,43,Male,3,50k-100k,Single,Employed,12.71,-5.459786489839828,False
360,Returning,44,Male,1,50k-100k,Married,Unemployed,0.41,-6.176348773945264,False
361,Returning,32,Female,1,100k-200k,Widowed,Employed,0.06,-5.393695642526737,False
362,Returning,52,Male,1,100k-200k,Single,Employed,0.7,-6.281614785341492,False
363,Returning,34,Male,1,<50k,Divorced,Employed,22.1,-4.369426705335719,False
364,Returning,37,Male,2,50k-100k,Married,Employed,0.79,-4.726976963896137,False
365,Returning,33,Male,2,50k-100k,Single,Employed,2.79,-6.6969101277546565,False
366,Returning,36,Male,1,100k-200k,Married,Employed,7.55,-7.40953229992744,False
367,Returning,22,Male,1,200k+,Married,Employed,0.08,-5.689610990042931,False
368,Returning,18,Male,5,50k-100k,Married,Student,3.71,-6.538274673641517,False
369,New,55,Female,1,200k+,Divorced,Employed,1.3,-5.191391206500825,False
370,New,25,Male,1,100k-200k,Single,Employed,7.93,-5.466637696673419,False
371,New,24,Female,1,100k-200k,Divorced,Employed,1.33,-5.566786759455804,False
372,New,18,Female,1,100k-200k,Married,Student,4.64,-4.292499653447842,False
373,New,28,Male,3,50k-100k,Single,Employed,4.49,-6.7253588646207225,False
374,Returning,20,Female,1,<50k,Married,Student,1.0,-7.215937130892406,False
375,New,55,Male,1,100k-200k,Single,Employed,0.14,-6.479671072657063,False
376,Returning,48,Female,1,100k-200k,Widowed,Employed,2.11,-4.635948680965656,False
377,Returning,27,Male,4,100k-200k,Married,Employed,1.37,-6.337882717940445,False
378,New,63,Female,2,50k-100k,Single,Employed,6.62,-6.116503695949008,False
379,Returning,47,Female,1,200k+,Single,Unemployed,6.45,-5.139359424444192,False
380,New,32,Male,3,100k-200k,Married,Employed,2.44,-6.2712287257105706,False
381,New,18,Male,1,<50k,Single,Student,3.73,-6.027974117102384,False
382,Returning,63,Female,1,50k-100k,Single,Employed,3.71,-7.660037420968127,False
383,Returning,19,Female,1,100k-200k,Single,Student,7.02,-3.0776700574434033,False
384,Returning,18,Male,3,100k-200k,Single,Student,2.21,-7.0562092303094035,False
385,Returning,48,Female,1,50k-100k,Single,Employed,1.29,-6.718252703990208,False
386,Returning,65,Male,1,200k+,Single,Retired,1.23,-6.4729810358420945,False
387,New,52,Female,2,50k-100k,Single,Employed,3.07,-4.086811865643204,False
388,New,42,Male,3,50k-100k,Married,Employed,2.39,-7.27634578093274,False
389,Returning,43,Female,1,200k+,Married,Employed,2.32,-3.9332958645212486,False
390,Returning,46,Male,5,200k+,Single,Employed,0.38,-4.815823178897978,False
391,Returning,45,Male,3,100k-200k,Single,Employed,5.07,-4.8974046755767535,False
392,Returning,39,Male,3,200k+,Married,Employed,0.96,-6.785633687017955,False
393,Returning,37,Male,4,<50k,Single,Employed,0.88,-5.581858757961926,False
394,Returning,35,Female,1,200k+,Single,Employed,2.13,-6.5789866224198,False
395,Returning,26,Male,2,50k-100k,Single,Employed,1.03,-4.908838746801587,False
396,Returning,32,Female,2,50k-100k,Married,Employed,3.51,-6.854562029107733,False
397,Returning,18,Male,2,50k-100k,Married,Student,1.86,-6.274158494456084,False
398,Returning,34,Male,2,50k-100k,Married,Employed,2.38,-6.618273088013171,False
399,Returning,24,Male,3,50k-100k,Married,Unemployed,3.08,-7.095522962426995,False
400,Returning,22,Male,3,50k-100k,Married,Employed,0.91,-5.332180183092086,False
401,New,38,Male,2,<50k,Single,Employed,0.68,-5.9525412525903665,False
402,Returning,52,Male,3,50k-100k,Married,Employed,8.5,-3.875989801099003,False
403,Returning,47,Male,1,100k-200k,Single,Employed,2.27,-7.824375108208168,False
404,Returning,18,Male,3,50k-100k,Married,Student,2.12,-4.907829297658956,False
405,Returning,24,Female,5,50k-100k,Married,Employed,0.15,-3.392051094643106,False
406,Returning,47,Female,1,100k-200k,Married,Employed,2.76,-6.472641089176947,False
407,Returning,24,Male,1,200k+,Single,Employed,3.23,-3.740351387891031,False
408,New,33,Male,2,100k-200k,Single,Employed,3.27,-5.9376612720598265,False
409,Returning,42,Female,1,50k-100k,Married,Employed,4.91,-7.245909737561307,False
410,New,24,Female,2,100k-200k,Married,Employed,0.78,-6.358632442406796,False
411,Returning,37,Female,1,50k-100k,Divorced,Employed,1.16,-5.412796032324724,False
412,Returning,19,Male,2,<50k,Single,Employed,6.66,-6.334176482331532,False
413,Returning,28,Female,1,50k-100k,Married,Employed,11.76,-5.376338659006487,False
414,Returning,39,Female,3,200k+,Married,Employed,0.58,-5.264460567706809,False
415,Returning,18,Female,2,50k-100k,Divorced,Student,2.75,-6.074439883261427,False
416,Returning,41,Female,5,<50k,Married,Employed,0.96,-5.476377047513259,False
417,New,35,Male,3,<50k,Married,Employed,0.25,-6.1996704592416645,False
418,Returning,42,Male,1,200k+,Married,Employed,1.58,-5.5433746804484265,False
419,Returning,38,Female,1,100k-200k,Married,Unemployed,0.62,-7.079301185809541,False
420,Returning,52,Female,3,50k-100k,Widowed,Employed,4.95,-5.435769057969608,False
421,Returning,37,Male,1,100k-200k,Single,Employed,3.05,-6.804873005695933,False
422,Returning,30,Male,1,100k-200k,Single,Employed,0.62,-4.918566377496611,False
423,New,37,Male,1,100k-200k,Divorced,Employed,0.04,-7.063274716817314,False
424,Returning,42,Male,1,50k-100k,Married,Employed,6.6,-4.49115251245061,False
425,New,36,Female,2,200k+,Married,Employed,0.78,-6.196606960982866,False
426,Returning,36,Female,4,50k-100k,Single,Employed,3.73,-5.318500989242679,False
427,Returning,27,Male,2,100k-200k,Single,Employed,1.64,-6.383964550890701,False
428,Returning,28,Male,5,<50k,Married,Employed,3.52,-6.62799543116803,False
429,Returning,19,Male,1,50k-100k,Married,Student,1.52,-8.111760387605301,False
430,New,56,Male,2,50k-100k,Single,Employed,0.36,-7.48132415859246,False
431,New,21,Female,1,100k-200k,Single,Student,1.01,-6.527408853215922,False
432,Returning,27,Female,3,<50k,Married,Employed,0.83,-6.098620821171116,False
433,Returning,27,Female,3,100k-200k,Single,Unemployed,2.23,-4.990120686716736,False
434,New,46,Male,2,50k-100k,Divorced,Employed,4.3,-6.330757459796849,False
435,New,32,Female,4,100k-200k,Single,Employed,1.23,-6.557460764267174,False
436,Returning,50,Female,2,200k+,Married,Employed,0.05,-7.585214786002712,False
437,New,27,Female,3,100k-200k,Divorced,Employed,2.93,-5.165436382095896,False
438,Returning,39,Male,2,100k-200k,Married,Employed,3.72,-4.303805484670656,False
439,Returning,25,Male,2,100k-200k,Single,Employed,13.17,-2.883169732043711,False
440,New,61,Male,1,50k-100k,Married,Employed,3.56,-5.4610672518527625,False
441,New,21,Male,3,200k+,Single,Student,2.55,-4.883956682732401,False
442,Returning,39,Male,3,50k-100k,Single,Employed,3.41,-4.0358762202906595,False
443,Returning,43,Male,2,100k-200k,Widowed,Employed,10.52,-4.40491853858319,False
444,Returning,40,Male,1,100k-200k,Married,Employed,7.05,-4.696370323975828,False
445,Returning,33,Female,1,50k-100k,Married,Employed,1.56,-6.651783861851999,False
446,Returning,34,Male,1,50k-100k,Single,Employed,1.08,-7.720043370854757,False
447,Returning,36,Male,5,50k-100k,Single,Employed,1.22,-6.430848900499576,False
448,Returning,34,Female,1,200k+,Single,Employed,2.81,-5.757659038534655,False
449,Returning,47,Female,3,200k+,Married,Employed,5.45,-5.106714627498698,False
450,New,62,Female,2,100k-200k,Married,Employed,2.8,-4.013714145144606,False
451,Returning,29,Female,3,100k-200k,Married,Employed,0.28,-5.921722832408931,False
452,Returning,19,Female,4,200k+,Married,Student,5.14,-3.8451565559743566,False
453,Returning,34,Female,3,<50k,Single,Employed,6.56,-5.871077241576316,False
454,Returning,66,Male,3,50k-100k,Single,Employed,1.37,-6.486175885765234,False
455,New,26,Male,2,100k-200k,Single,Employed,4.36,-6.805007637223448,False
456,Returning,55,Male,3,200k+,Single,Employed,2.22,-6.384328012876572,False
457,New,56,Male,2,200k+,Single,Employed,8.8,-4.283018608636247,False
458,Returning,29,Male,2,50k-100k,Widowed,Employed,7.46,-5.318439819605867,False
459,New,42,Female,5,<50k,Single,Employed,2.98,-4.770061380102766,False
460,New,55,Female,4,50k-100k,Divorced,Employed,4.7,-5.38874605165495,False
461,New,31,Female,1,50k-100k,Single,Employed,8.59,-5.568953731637742,False
462,Returning,33,Male,2,50k-100k,Widowed,Employed,2.74,-3.905703136213041,False
463,Returning,29,Female,3,100k-200k,Married,Employed,1.5,-5.913903568713048,False
464,Returning,23,Female,2,<50k,Divorced,Employed,5.6,-4.6119990302946965,False
465,Returning,28,Male,2,200k+,Single,Employed,0.99,-6.242709206544678,False
466,Returning,21,Female,1,50k-100k,Married,Employed,1.97,-5.499900520616434,False
467,New,36,Male,3,100k-200k,Divorced,Employed,8.03,-3.9974843408483127,False
468,Returning,26,Male,2,<50k,Single,Unemployed,5.16,-5.8975080294244195,False
469,New,38,Female,3,50k-100k,Single,Employed,2.07,-8.283982922696602,False
470,Returning,18,Male,2,<50k,Single,Student,0.97,-6.426247539143887,False
471,New,39,Male,3,200k+,Divorced,Employed,1.76,-4.5005399522400245,False
472,Returning,46,Female,2,200k+,Married,Employed,1.34,-5.40151916697227,False
473,New,18,Female,2,50k-100k,Married,Student,0.77,-5.878661124770754,False
474,Returning,40,Male,2,50k-100k,Single,Employed,5.44,-7.306256933957519,False
475,Returning,50,Male,3,200k+,Single,Employed,1.16,-6.496455070675059,False
476,Returning,21,Male,2,50k-100k,Married,Employed,2.42,-5.580642368848561,False
477,New,56,Female,1,50k-100k,Single,Employed,1.95,-5.927116723213109,False
478,Returning,41,Male,1,100k-200k,Married,Employed,16.09,-2.7768332198670977,False
479,Returning,27,Male,3,200k+,Divorced,Employed,1.98,-5.782866755146094,False
480,Returning,35,Female,1,<50k,Single,Employed,0.33,-6.269675913326186,False
481,Returning,42,Female,1,50k-100k,Married,Employed,0.38,-6.536625758068706,False
482,Returning,36,Male,3,200k+,Single,Employed,3.57,-6.331442736501557,False
483,Returning,42,Male,2,50k-100k,Married,Employed,3.66,-8.166791331094746,False
484,Returning,24,Female,2,<50k,Single,Employed,2.17,-5.763490307869923,False
485,Returning,38,Male,1,100k-200k,Married,Employed,2.26,-5.877052791587189,False
486,Returning,19,Male,2,200k+,Single,Student,0.22,-6.630175042100168,False
487,New,34,Female,1,50k-100k,Single,Employed,2.91,-7.702673056515865,False
488,New,25,Male,2,200k+,Married,Employed,2.81,-4.973760485591262,False
489,Returning,27,Female,3,100k-200k,Single,Employed,0.65,-6.1534200741955525,False
490,Returning,50,Male,1,<50k,Married,Employed,0.44,-6.227125277631854,False
491,Returning,49,Male,5,200k+,Single,Employed,0.53,-3.7014514695882417,False
492,Returning,43,Male,1,50k-100k,Married,Unemployed,0.43,-9.041930880319704,False
493,New,22,Male,2,50k-100k,Single,Employed,3.76,-6.445600808702364,False
494,New,32,Male,2,100k-200k,Married,Employed,0.88,-6.287375613311913,False
495,Returning,50,Male,1,50k-100k,Single,Employed,1.16,-4.9711738258533495,False
496,Returning,37,Female,3,<50k,Single,Employed,0.76,-7.957403019206485,False
497,Returning,63,Female,1,<50k,Single,Employed,12.66,-3.030138974319395,False
498,New,40,Female,1,50k-100k,Married,Employed,7.71,-5.30764409843371,False
499,Returning,38,Female,1,200k+,Single,Employed,1.05,-6.128500661733858,False
500,Returning,32,Male,1,100k-200k,Divorced,Unemployed,1.59,-6.719559763218906,False
501,Returning,37,Female,4,200k+,Divorced,Employed,0.94,-6.130263032180029,False
502,Returning,34,Male,1,50k-100k,Single,Employed,2.71,-5.065383240730846,False
503,Returning,44,Female,1,50k-100k,Married,Unemployed,0.08,-8.026520754082439,False
504,Returning,47,Female,1,50k-100k,Single,Employed,4.45,-5.572085818356147,False
505,Returning,26,Female,1,50k-100k,Single,Unemployed,2.96,-6.770181665706976,False
506,New,20,Female,1,50k-100k,Married,Employed,9.16,-5.888133448514099,False
507,Returning,18,Female,1,100k-200k,Married,Employed,0.72,-3.5960248243161046,False
508,Returning,42,Male,1,200k+,Married,Employed,6.52,-4.86294926524654,False
509,Returning,22,Male,3,200k+,Single,Employed,6.28,-4.254734455338856,False
510,Returning,18,Female,1,50k-100k,Single,Employed,0.54,-5.221223219331337,False
511,Returning,40,Male,3,200k+,Single,Unemployed,2.03,-7.366849945318547,False
512,Returning,65,Female,1,50k-100k,Married,Retired,0.75,-5.160208090877968,False
513,Returning,35,Female,5,<50k,Married,Employed,1.18,-8.506957178495076,False
514,Returning,46,Male,1,200k+,Married,Employed,1.22,-6.86576641003852,False
515,New,36,Female,2,100k-200k,Single,Employed,3.25,-6.1515316731789005,False
516,New,34,Female,1,50k-100k,Single,Employed,2.12,-5.620276635029494,False
517,Returning,47,Female,1,50k-100k,Single,Employed,11.81,-4.594781733858512,False
518,Returning,32,Female,4,50k-100k,Single,Employed,0.54,-6.145814740698393,False
519,Returning,39,Female,1,100k-200k,Single,Employed,14.55,-4.174497344627723,False
520,New,39,Female,2,50k-100k,Married,Unemployed,1.05,-7.615523023522568,False
521,Returning,27,Female,3,200k+,Divorced,Employed,5.93,-6.542732394484174,False
522,Returning,47,Male,1,<50k,Married,Employed,1.66,-5.85948837766394,False
523,Returning,33,Male,1,50k-100k,Single,Employed,0.62,-5.728293887463814,False
524,Returning,26,Female,1,50k-100k,Single,Employed,7.8,-3.725505624842942,False
525,Returning,42,Male,1,100k-200k,Divorced,Employed,1.48,-7.028017096815208,False
526,Returning,25,Female,3,50k-100k,Single,Unemployed,4.3,-5.187184789699077,False
527,Returning,36,Female,1,100k-200k,Divorced,Employed,3.34,-6.212706728364732,False
528,New,35,Male,2,200k+,Single,Employed,2.55,-4.452025014806518,False
529,New,49,Female,3,200k+,Single,Employed,2.74,-4.512037223321858,False
530,Returning,41,Female,1,200k+,Divorced,Employed,5.27,-5.303290600775544,False
531,Returning,35,Male,2,200k+,Single,Employed,0.37,-6.309030156665987,False
532,Returning,45,Male,3,100k-200k,Married,Employed,4.41,-4.502567821391739,False
533,Returning,52,Male,1,200k+,Married,Employed,9.05,-4.305595476743434,False
534,Returning,42,Male,2,50k-100k,Single,Employed,0.24,-7.058440402086182,False
535,Returning,36,Female,3,50k-100k,Single,Employed,0.61,-7.4662986734794305,False
536,Returning,20,Male,2,50k-100k,Married,Student,5.04,-5.982532900681796,False
537,Returning,23,Female,1,50k-100k,Married,Employed,2.3,-4.654586184651791,False
538,New,32,Male,3,50k-100k,Single,Employed,2.07,-4.753012841266962,False
539,Returning,28,Male,2,200k+,Divorced,Unemployed,0.59,-7.46382746967058,False
540,New,33,Female,2,50k-100k,Single,Employed,2.83,-7.108257415899921,False
541,Returning,36,Female,1,<50k,Single,Employed,0.54,-5.374316150320514,False
542,Returning,42,Male,1,100k-200k,Single,Unemployed,2.59,-7.45713590475783,False
543,New,35,Male,1,<50k,Single,Employed,5.77,-5.350204676357992,False
544,Returning,41,Male,1,<50k,Single,Employed,1.2,-7.191071215336324,False
545,Returning,36,Male,1,50k-100k,Widowed,Employed,2.62,-4.619955075478318,False
546,Returning,18,Female,2,50k-100k,Single,Student,19.32,-4.262424799137879,False
547,New,24,Male,3,50k-100k,Single,Employed,4.64,-4.330638469794172,False
548,Returning,34,Male,3,100k-200k,Single,Employed,7.36,-4.731141345939636,False
549,Returning,21,Male,2,100k-200k,Married,Employed,2.14,-5.5818051457657125,False
550,Returning,43,Female,2,50k-100k,Divorced,Employed,5.84,-7.609308581351401,False
551,Returning,54,Female,4,50k-100k,Single,Unemployed,0.17,-8.697413353205718,False
552,Returning,50,Male,1,50k-100k,Single,Employed,0.52,-6.742565940267315,False
553,Returning,33,Female,3,100k-200k,Single,Employed,0.91,-5.631593936583388,False
554,Returning,53,Male,3,<50k,Single,Employed,2.06,-7.331197827737723,False
555,Returning,37,Male,4,<50k,Single,Employed,7.48,-6.251693410476342,False
556,Returning,31,Female,2,100k-200k,Single,Employed,1.7,-5.338527370173868,False
557,New,28,Female,4,50k-100k,Single,Unemployed,4.25,-5.189645519542869,False
558,New,32,Female,3,<50k,Married,Employed,4.94,-5.856741060387926,False
559,Returning,31,Female,2,50k-100k,Single,Employed,3.53,-5.045298278813925,False
560,Returning,38,Male,3,200k+,Divorced,Employed,1.77,-6.898702295720146,False
561,Returning,37,Female,2,200k+,Divorced,Employed,3.44,-5.97493491708697,False
562,New,36,Male,2,100k-200k,Married,Employed,1.68,-4.3301223942163265,False
563,New,41,Female,4,50k-100k,Single,Employed,0.35,-5.984177870060183,False
564,New,50,Male,4,100k-200k,Single,Employed,19.74,-2.8626874854130016,False
565,Returning,47,Female,1,200k+,Single,Employed,0.54,-3.84805341403226,False
566,Returning,18,Male,1,200k+,Married,Student,0.3,-7.594342165848771,False
567,Returning,18,Male,1,50k-100k,Single,Student,8.43,-4.47906963335789,False
568,Returning,47,Female,3,200k+,Divorced,Employed,1.44,-4.1550137201919,False
569,Returning,19,Male,1,50k-100k,Divorced,Student,4.2,-6.339857926498546,False
570,Returning,33,Male,5,50k-100k,Single,Employed,1.6,-4.8153692131451535,False
571,Returning,21,Male,1,100k-200k,Married,Employed,1.99,-6.988519497210905,False
572,Returning,18,Male,1,50k-100k,Single,Student,1.22,-7.043732395567352,False
573,Returning,42,Male,3,200k+,Single,Employed,1.68,-5.273033583952366,False
574,Returning,45,Male,3,<50k,Single,Employed,2.12,-5.3584333268894095,False
575,Returning,29,Female,1,100k-200k,Single,Employed,5.1,-4.409063487593754,False
576,Returning,18,Male,2,200k+,Divorced,Employed,2.87,-4.039871413060507,False
577,New,29,Female,1,200k+,Single,Employed,11.5,-4.487446558555182,False
578,Returning,40,Female,3,50k-100k,Single,Employed,0.17,-5.030888244827412,False
579,Returning,18,Male,1,50k-100k,Married,Employed,2.8,-6.412304843449149,False
580,New,38,Female,3,100k-200k,Married,Employed,3.51,-4.661408688411731,False
581,Returning,35,Female,5,50k-100k,Single,Employed,10.11,-4.201011202147818,False
582,Returning,42,Female,1,200k+,Divorced,Employed,0.2,-5.834322092918076,False
583,Returning,37,Male,1,200k+,Married,Employed,3.41,-5.299992125977962,False
584,Returning,24,Male,2,50k-100k,Single,Unemployed,7.69,-7.121205009797812,False
585,Returning,50,Female,1,<50k,Single,Employed,1.11,-7.757621858860773,False
586,New,34,Female,5,<50k,Single,Employed,8.36,-4.763458560182477,False
587,New,35,Female,1,200k+,Married,Employed,0.08,-7.900279079641169,False
588,New,24,Male,3,50k-100k,Married,Employed,5.27,-4.598288896800244,False
589,New,30,Female,2,50k-100k,Married,Employed,10.82,-3.9054440337118583,False
590,New,25,Male,2,50k-100k,Single,Employed,4.28,-5.355829447122209,False
591,New,33,Male,1,100k-200k,Single,Employed,2.31,-7.089634012757922,False
592,Returning,56,Male,2,<50k,Single,Employed,0.18,-5.2728610611314854,False
593,New,19,Female,2,50k-100k,Single,Student,10.11,-2.841289360281642,False
594,Returning,18,Male,4,200k+,Married,Employed,2.54,-5.161923172554026,False
595,Returning,53,Male,1,200k+,Married,Employed,0.12,-5.786464621548763,False
596,Returning,33,Female,3,100k-200k,Single,Employed,4.68,-5.111261345203957,False
597,Returning,27,Male,3,<50k,Single,Employed,2.63,-5.460130811001201,False
598,New,48,Male,3,50k-100k,Single,Employed,0.53,-6.3300587566263955,False
599,New,28,Male,2,100k-200k,Single,Employed,0.96,-6.0305642398438035,False
600,New,57,Female,1,50k-100k,Single,Employed,0.27,-5.688782399502634,False
601,New,44,Male,2,200k+,Single,Employed,3.42,-3.2113758381035598,False
602,New,30,Male,2,100k-200k,Single,Employed,3.89,-6.966571234401738,False
603,New,61,Female,1,<50k,Single,Employed,2.82,-6.5358124844029675,False
604,New,28,Female,1,200k+,Single,Employed,6.8,-6.300460485232082,False
605,New,44,Male,1,200k+,Single,Unemployed,7.89,-3.7944751014239166,False
606,Returning,39,Female,1,<50k,Married,Employed,3.82,-6.809737969319898,False
607,New,51,Female,1,100k-200k,Single,Employed,0.05,-7.840700793785794,False
608,Returning,54,Female,2,50k-100k,Widowed,Employed,4.75,-5.219313001151426,False
609,Returning,36,Male,1,50k-100k,Single,Employed,2.17,-4.460188885256889,False
610,Returning,26,Female,3,50k-100k,Single,Employed,3.33,-5.016902131439237,False
611,New,41,Female,1,100k-200k,Single,Unemployed,4.19,-5.871702122718083,False
612,Returning,27,Male,1,200k+,Single,Employed,1.72,-5.467859077224006,False
613,Returning,60,Male,5,100k-200k,Married,Employed,9.96,-2.991159337174445,False
614,New,37,Male,3,<50k,Single,Employed,0.58,-7.2221992700141495,False
615,Returning,31,Male,1,100k-200k,Divorced,Employed,4.45,-5.849347104086313,False
616,Returning,38,Female,1,50k-100k,Divorced,Employed,0.02,-7.089690148509534,False
617,New,19,Male,4,200k+,Married,Student,10.34,-5.41186530729171,False
618,New,24,Male,3,50k-100k,Married,Employed,0.48,-6.476375259416802,False
619,Returning,50,Female,1,50k-100k,Married,Employed,0.4,-5.4822789040175515,False
620,Returning,28,Male,1,50k-100k,Single,Employed,1.62,-5.680397851607275,False
621,New,23,Female,3,100k-200k,Married,Employed,1.87,-5.0901894998918,False
622,New,42,Male,3,50k-100k,Single,Employed,0.96,-5.969524388346682,False
623,Returning,50,Male,4,100k-200k,Single,Employed,3.52,-4.898676217271412,False
624,Returning,44,Male,2,50k-100k,Single,Employed,2.34,-6.869590342348105,False
625,Returning,47,Male,1,50k-100k,Married,Employed,0.14,-6.9235098859272295,False
626,Returning,26,Male,4,50k-100k,Divorced,Unemployed,1.54,-6.056995763031323,False
627,Returning,18,Female,2,200k+,Single,Student,6.65,-4.76498414111811,False
628,Returning,54,Female,1,200k+,Married,Employed,4.68,-5.297812145078128,False
629,New,32,Male,2,50k-100k,Single,Employed,5.16,-5.724335282016378,False
630,New,32,Female,2,50k-100k,Single,Employed,4.79,-6.01892340113033,False
631,Returning,51,Female,2,<50k,Single,Employed,1.49,-3.2737287169557017,False
632,Returning,42,Female,1,100k-200k,Single,Employed,0.42,-5.390212727067601,False
633,Returning,41,Male,1,50k-100k,Single,Employed,1.27,-5.951352524047377,False
634,Returning,61,Male,3,200k+,Married,Employed,7.13,-5.218708498206394,False
635,New,28,Male,4,200k+,Married,Employed,15.74,-3.830218826943877,False
636,Returning,47,Female,5,50k-100k,Single,Employed,2.72,-5.707800593726955,False
637,Returning,36,Female,4,50k-100k,Single,Employed,0.04,-5.781171156413317,False
638,New,39,Male,2,200k+,Married,Employed,0.6,-7.885435544063081,False
639,New,54,Male,1,200k+,Married,Employed,1.55,-7.656889595374684,False
640,Returning,42,Female,4,<50k,Single,Employed,3.46,-6.427882388938958,False
641,New,42,Female,2,50k-100k,Single,Employed,0.31,-6.1563605632214315,False
642,Returning,48,Female,3,50k-100k,Divorced,Employed,11.48,-4.907273147151852,False
643,New,31,Female,2,50k-100k,Married,Employed,1.82,-4.653878773900516,False
644,Returning,25,Male,3,50k-100k,Single,Employed,9.75,-6.194896786995769,False
645,New,23,Female,1,<50k,Single,Employed,6.07,-6.50584546960337,False
646,Returning,18,Female,2,100k-200k,Married,Student,5.63,-3.875408259008899,False
647,Returning,60,Male,2,50k-100k,Single,Unemployed,3.73,-6.159380675324853,False
648,Returning,22,Female,2,<50k,Widowed,Employed,3.94,-5.134157417198842,False
649,Returning,33,Female,3,50k-100k,Single,Employed,4.06,-3.5547530567305365,False
650,Returning,32,Male,2,200k+,Married,Employed,3.96,-6.159804417901823,False
651,New,39,Female,2,200k+,Single,Employed,3.23,-5.6598143377920325,False
652,Returning,45,Female,3,50k-100k,Single,Employed,17.19,-3.9689269009308714,False
653,Returning,46,Female,5,50k-100k,Divorced,Employed,5.27,-7.244093004483275,False
654,Returning,29,Male,3,200k+,Single,Unemployed,6.0,-5.605396803755969,False
655,Returning,33,Male,1,50k-100k,Married,Employed,8.24,-4.447937812619334,False
656,New,39,Female,2,50k-100k,Single,Employed,0.97,-5.708910458187759,False
657,New,33,Male,3,50k-100k,Single,Employed,0.35,-5.5434168306119895,False
658,Returning,55,Female,2,50k-100k,Single,Unemployed,2.64,-6.8045089806395,False
659,Returning,41,Female,3,50k-100k,Married,Employed,2.89,-6.527597236005642,False
660,Returning,44,Male,2,200k+,Single,Employed,7.07,-3.7402443281013795,False
661,Returning,43,Female,1,100k-200k,Single,Employed,2.35,-6.50981714635767,False
662,Returning,50,Male,2,50k-100k,Single,Employed,3.38,-5.648917961206785,False
663,Returning,38,Male,1,200k+,Married,Employed,3.0,-5.626665319322462,False
664,New,20,Female,2,<50k,Married,Employed,0.16,-5.064282983742881,False
665,New,40,Female,2,50k-100k,Single,Employed,3.82,-4.85558764232764,False
666,New,28,Female,4,100k-200k,Single,Employed,7.04,-6.079258620667121,False
667,New,29,Female,1,100k-200k,Divorced,Employed,0.69,-7.47905316677504,False
668,New,43,Male,2,<50k,Single,Employed,3.61,-5.494590181930866,False
669,New,50,Female,1,50k-100k,Divorced,Employed,3.6,-6.2243376473791665,False
670,New,36,Female,1,100k-200k,Divorced,Unemployed,0.72,-7.127171783953764,False
671,New,39,Female,1,100k-200k,Married,Employed,0.53,-5.299872116005529,False
672,Returning,56,Female,2,100k-200k,Single,Employed,15.66,-3.7435406179110893,False
673,New,38,Male,1,50k-100k,Married,Employed,2.0,-6.2375426131105565,False
674,Returning,67,Female,1,<50k,Married,Retired,1.03,-6.30067135924495,False
675,Returning,42,Male,4,50k-100k,Married,Employed,0.75,-6.422608994943565,False
676,Returning,18,Male,3,<50k,Single,Student,4.41,-4.209981014527446,False
677,New,45,Male,4,200k+,Single,Employed,3.76,-5.999047623233008,False
678,Returning,40,Female,2,50k-100k,Single,Employed,4.13,-5.123570933657912,False
679,Returning,51,Female,2,50k-100k,Married,Employed,0.37,-5.015667161340156,False
680,Returning,44,Female,2,100k-200k,Married,Employed,8.96,-6.3032954892721005,False
681,Returning,34,Female,1,50k-100k,Single,Employed,1.97,-6.56783517585245,False
682,New,21,Female,1,50k-100k,Single,Employed,1.5,-5.087792607114443,False
683,New,33,Female,1,200k+,Single,Unemployed,2.48,-4.985755452268974,False
684,Returning,25,Male,1,200k+,Married,Employed,1.98,-6.049495600388239,False
685,Returning,29,Male,3,100k-200k,Divorced,Employed,7.97,-5.634171093676859,False
686,Returning,43,Male,2,<50k,Single,Employed,10.6,-4.0690641776692384,False
687,Returning,56,Female,2,100k-200k,Single,Employed,1.45,-4.878950897418395,False
688,New,40,Female,2,100k-200k,Single,Employed,7.98,-6.167663348512395,False
689,Returning,21,Male,1,<50k,Married,Student,6.08,-7.09691364896638,False
690,New,41,Male,1,50k-100k,Married,Employed,10.68,-4.777743318016401,False
691,Returning,50,Female,4,200k+,Divorced,Employed,1.13,-5.1011393665711084,False
692,Returning,28,Male,2,<50k,Single,Employed,3.44,-6.323069085230055,False
693,Returning,34,Female,4,100k-200k,Widowed,Employed,1.28,-5.098706180017651,False
694,New,36,Female,4,50k-100k,Single,Employed,6.95,-5.747636606837382,False
695,New,26,Male,2,50k-100k,Married,Employed,0.02,-8.491693599073734,False
696,Returning,43,Male,1,<50k,Single,Employed,3.33,-6.689401072332596,False
697,New,34,Female,3,200k+,Divorced,Employed,1.66,-5.657767853486899,False
698,Returning,41,Female,3,50k-100k,Married,Employed,1.56,-6.346839959896457,False
699,New,25,Female,1,100k-200k,Married,Employed,4.14,-6.862603263659485,False
700,Returning,30,Female,1,100k-200k,Married,Employed,7.63,-7.021148975878818,False
701,Returning,44,Male,4,100k-200k,Single,Employed,3.76,-5.870088804367898,False
702,New,31,Male,1,200k+,Single,Employed,7.67,-4.106844228350257,False
703,Returning,56,Female,4,100k-200k,Divorced,Employed,1.23,-4.639302560586318,False
704,New,31,Female,1,50k-100k,Single,Employed,2.93,-4.877786615861545,False
705,New,38,Male,3,200k+,Single,Employed,2.4,-6.345909535148554,False
706,Returning,47,Female,3,100k-200k,Single,Employed,0.05,-7.2312063236303645,False
707,Returning,18,Female,3,50k-100k,Married,Student,3.26,-5.3043653850201045,False
708,Returning,18,Male,2,<50k,Single,Student,4.33,-5.305399988402074,False
709,New,18,Male,1,200k+,Single,Employed,3.59,-5.151330394799502,False
710,Returning,51,Female,1,50k-100k,Single,Employed,5.33,-7.819563274237764,False
711,Returning,29,Male,2,100k-200k,Single,Employed,3.39,-6.503384584883467,False
712,Returning,66,Male,2,50k-100k,Divorced,Retired,0.28,-6.917688790285978,False
713,Returning,29,Male,2,50k-100k,Widowed,Employed,0.5,-5.882781805369573,False
714,Returning,38,Female,3,100k-200k,Married,Unemployed,3.63,-5.128192637397514,False
715,Returning,54,Female,3,<50k,Single,Unemployed,1.29,-6.53224647771796,False
716,Returning,60,Female,1,50k-100k,Divorced,Employed,0.33,-6.369716193461764,False
717,Returning,60,Male,2,100k-200k,Married,Employed,2.25,-5.927634541638896,False
718,Returning,50,Female,1,50k-100k,Single,Employed,3.23,-5.429880625781517,False
719,New,48,Female,2,100k-200k,Divorced,Employed,1.59,-5.788634348509088,False
720,Returning,43,Female,1,200k+,Married,Employed,5.1,-5.434262339952713,False
721,Returning,45,Female,1,100k-200k,Married,Unemployed,4.13,-6.423868799137381,False
722,New,29,Male,1,<50k,Married,Employed,1.62,-6.420708574957518,False
723,New,26,Female,2,50k-100k,Single,Employed,5.62,-5.0024086211607255,False
724,Returning,35,Male,1,100k-200k,Single,Employed,4.18,-5.430524611101939,False
725,Returning,33,Female,1,200k+,Married,Employed,4.06,-5.225173581654746,False
726,Returning,30,Male,2,200k+,Single,Unemployed,3.22,-4.524278138648814,False
727,New,44,Male,4,200k+,Single,Employed,0.05,-5.497336077253413,False
728,Returning,47,Male,1,50k-100k,Married,Employed,4.77,-6.568498520473158,False
729,New,37,Female,1,50k-100k,Married,Employed,1.89,-5.417893214005831,False
730,New,53,Male,4,50k-100k,Single,Employed,11.43,-5.816698337668917,False
731,New,22,Female,2,50k-100k,Married,Employed,6.81,-6.4199133807392865,False
732,Returning,33,Male,1,<50k,Married,Employed,3.54,-5.898152735279931,False
733,Returning,27,Male,1,200k+,Married,Employed,1.16,-5.494603332213421,False
734,Returning,18,Female,3,50k-100k,Single,Student,0.91,-7.348551223503995,False
735,Returning,35,Male,1,50k-100k,Single,Employed,1.66,-6.65881748098675,False
736,Returning,34,Male,3,<50k,Single,Employed,2.59,-6.637583832219659,False
737,Returning,54,Female,3,200k+,Single,Employed,1.4,-6.246676322881597,False
738,Returning,43,Male,2,100k-200k,Single,Employed,2.89,-4.8379022237270535,False
739,Returning,23,Male,2,100k-200k,Single,Employed,0.72,-5.300494536452747,False
740,Returning,58,Male,4,200k+,Single,Unemployed,15.21,-3.9276221798537074,False
741,Returning,50,Female,1,50k-100k,Divorced,Employed,0.46,-7.176961927114928,False
742,Returning,42,Female,1,100k-200k,Single,Employed,10.75,-6.097149670220141,False
743,Returning,33,Female,2,<50k,Married,Employed,9.79,-3.7263150612180507,False
744,Returning,24,Female,1,50k-100k,Married,Employed,2.98,-5.480886099715082,False
745,New,31,Male,3,200k+,Single,Employed,5.16,-5.78766910407314,False
746,Returning,49,Male,3,100k-200k,Divorced,Employed,2.29,-5.1319005023751085,False
747,Returning,58,Female,4,50k-100k,Married,Employed,3.98,-5.713223620574626,False
748,Returning,54,Male,1,50k-100k,Single,Employed,1.67,-6.6566095048623435,False
749,Returning,30,Male,1,100k-200k,Married,Employed,1.43,-5.700288471710398,False
750,Returning,22,Male,1,<50k,Single,Employed,3.45,-6.883998249912725,False
751,New,37,Male,1,50k-100k,Married,Employed,2.76,-6.514756519510111,False
752,Returning,18,Female,2,50k-100k,Single,Employed,3.47,-5.648038935800454,False
753,Returning,39,Male,1,50k-100k,Married,Employed,1.35,-6.891951192885213,False
754,Returning,34,Female,1,200k+,Single,Employed,1.83,-5.226414789732476,False
755,New,30,Male,2,50k-100k,Married,Unemployed,0.35,-4.828433496321739,False
756,Returning,18,Female,4,50k-100k,Single,Student,0.21,-6.812798132607143,False
757,Returning,42,Male,1,100k-200k,Married,Employed,1.17,-7.899625296304044,False
758,Returning,29,Male,1,200k+,Married,Employed,0.31,-8.150240167476262,False
759,Returning,21,Female,1,50k-100k,Single,Student,0.44,-6.639468141494982,False
760,Returning,18,Female,1,<50k,Married,Student,6.71,-6.446664590126183,False
761,New,35,Male,4,50k-100k,Single,Employed,0.16,-5.84313949893292,False
762,Returning,57,Male,2,100k-200k,Divorced,Employed,4.3,-5.607402327973899,False
763,New,55,Male,2,100k-200k,Single,Employed,1.27,-7.687716846614096,False
764,Returning,30,Male,2,200k+,Married,Employed,8.21,-6.6333838294814065,False
765,New,28,Male,5,200k+,Married,Unemployed,2.65,-5.246566759653906,False
766,Returning,41,Male,3,100k-200k,Single,Employed,1.46,-5.700571165280043,False
767,Returning,24,Male,4,100k-200k,Single,Employed,2.92,-5.807817998366551,False
768,Returning,39,Male,3,50k-100k,Single,Employed,1.92,-7.614143585132305,False
769,Returning,45,Female,1,<50k,Married,Unemployed,3.32,-6.205608737235009,False
770,Returning,50,Female,3,200k+,Single,Employed,0.49,-4.604600454576056,False
771,New,34,Female,2,50k-100k,Married,Employed,23.22,-2.659017559781078,False
772,Returning,33,Male,3,50k-100k,Married,Employed,2.22,-6.779473890565065,False
773,New,25,Male,3,100k-200k,Single,Employed,1.71,-5.67394783442885,False
774,Returning,26,Female,1,50k-100k,Married,Unemployed,4.95,-7.503614080933685,False
775,Returning,33,Male,1,100k-200k,Single,Employed,1.81,-4.985539286161208,False
776,New,40,Male,4,100k-200k,Single,Employed,7.17,-4.742655665470462,False
777,New,46,Female,1,50k-100k,Married,Employed,2.42,-8.035156911753232,False
778,Returning,26,Female,2,200k+,Single,Employed,5.09,-5.517174360443683,False
779,Returning,53,Female,3,50k-100k,Single,Employed,0.45,-5.784198489765769,False
780,Returning,32,Male,1,50k-100k,Divorced,Employed,7.49,-5.819547620975522,False
781,Returning,35,Male,1,100k-200k,Single,Employed,5.32,-5.802895721440174,False
782,Returning,27,Female,3,100k-200k,Widowed,Employed,0.95,-7.166902207047272,False
783,New,18,Male,2,100k-200k,Widowed,Employed,0.63,-5.528959012918343,False
784,Returning,46,Female,1,50k-100k,Single,Employed,1.52,-7.000469200019138,False
785,New,44,Female,2,100k-200k,Single,Employed,14.93,-6.136945377005032,False
786,Returning,32,Female,1,50k-100k,Married,Employed,1.19,-6.752757370670394,False
787,Returning,36,Male,1,200k+,Single,Employed,2.44,-4.832850284429647,False
788,Returning,42,Male,2,50k-100k,Single,Employed,0.12,-6.778929446599947,False
789,Returning,18,Female,1,100k-200k,Married,Student,2.02,-4.349015014876479,False
790,Returning,29,Female,3,<50k,Single,Employed,3.39,-5.457532051451483,False
791,New,45,Female,2,50k-100k,Divorced,Employed,12.24,-4.350241837719634,False
792,Returning,20,Male,4,50k-100k,Single,Employed,2.91,-5.691898265917608,False
793,Returning,39,Male,1,200k+,Single,Employed,6.84,-5.237286207764291,False
794,Returning,19,Female,1,100k-200k,Single,Student,3.17,-6.1329236351195044,False
795,New,41,Female,1,200k+,Widowed,Unemployed,0.17,-6.9317693920825265,False
796,Returning,35,Female,4,50k-100k,Married,Employed,1.51,-5.3676328379328515,False
797,Returning,18,Male,1,50k-100k,Married,Student,3.43,-7.0113312297905654,False
798,Returning,49,Female,5,<50k,Single,Employed,12.03,-5.46639382872426,False
799,Returning,27,Female,1,200k+,Single,Employed,7.84,-6.082195050875377,False
800,Returning,26,Female,3,50k-100k,Single,Employed,1.04,-3.978345452322846,False
801,Returning,38,Male,2,200k+,Single,Employed,0.99,-5.36115709832942,False
802,New,49,Male,1,200k+,Married,Employed,0.9,-5.855507798319856,False
803,Returning,23,Female,1,200k+,Married,Employed,10.23,-5.688014670293431,False
804,Returning,36,Male,1,100k-200k,Single,Employed,7.66,-4.557657699325172,False
805,Returning,41,Male,2,100k-200k,Divorced,Employed,5.96,-5.527571346453328,False
806,Returning,44,Female,3,100k-200k,Single,Employed,2.0,-5.555831058868249,False
807,Returning,38,Male,2,<50k,Widowed,Employed,2.81,-7.245120315863556,False
808,Returning,31,Female,3,100k-200k,Single,Employed,2.5,-5.4697311425824235,False
809,Returning,26,Male,3,<50k,Single,Employed,1.17,-6.628333538206483,False
810,New,37,Female,1,50k-100k,Single,Employed,2.81,-6.879111157030188,False
811,Returning,23,Female,2,50k-100k,Single,Employed,0.12,-5.562893664192751,False
812,Returning,18,Male,2,50k-100k,Married,Employed,0.57,-7.792207808530002,False
813,New,41,Male,2,50k-100k,Single,Unemployed,8.71,-4.88372373568585,False
814,Returning,46,Male,4,50k-100k,Single,Employed,5.57,-4.610013866447004,False
815,Returning,18,Male,1,100k-200k,Married,Student,2.2,-6.939643675551241,False
816,Returning,23,Female,1,<50k,Married,Employed,2.91,-7.0988284611324675,False
817,Returning,43,Female,1,100k-200k,Married,Unemployed,1.85,-6.710525681266402,False
818,Returning,60,Male,2,50k-100k,Single,Employed,5.4,-5.407963789537779,False
819,New,36,Male,1,100k-200k,Married,Employed,6.13,-5.613354991814226,False
820,Returning,27,Male,1,100k-200k,Married,Employed,5.76,-5.037437539808121,False
821,Returning,33,Female,1,100k-200k,Single,Employed,5.13,-3.7825203474626017,False
822,New,52,Male,2,100k-200k,Single,Unemployed,0.92,-6.9797167691497135,False
823,Returning,28,Female,2,50k-100k,Single,Employed,1.65,-7.807679970703421,False
824,Returning,26,Female,3,100k-200k,Single,Employed,2.54,-4.773076416969347,False
825,Returning,30,Female,1,50k-100k,Single,Employed,1.61,-4.57518542407247,False
826,Returning,24,Male,5,50k-100k,Single,Employed,5.63,-4.632731636948876,False
827,Returning,37,Female,5,100k-200k,Married,Employed,1.6,-6.6327486753536675,False
828,Returning,55,Male,1,<50k,Married,Employed,0.6,-6.908892363235201,False
829,Returning,39,Male,4,100k-200k,Widowed,Employed,2.04,-6.807523484211632,False
830,Returning,32,Female,2,100k-200k,Married,Employed,15.63,-3.222644506037052,False
831,New,32,Female,3,50k-100k,Single,Employed,1.02,-7.408290402698435,False
832,Returning,18,Male,2,<50k,Divorced,Student,3.79,-6.4216287868282,False
833,New,46,Male,3,<50k,Divorced,Employed,2.27,-7.243837826293906,False
834,New,35,Male,2,200k+,Single,Employed,0.29,-5.854675314865038,False
835,Returning,33,Male,2,100k-200k,Married,Employed,2.68,-6.179341677137757,False
836,Returning,74,Male,2,<50k,Widowed,Employed,4.84,-5.967237896749737,False
837,Returning,39,Male,2,50k-100k,Married,Employed,2.88,-5.990649445033634,False
838,Returning,26,Male,1,100k-200k,Divorced,Employed,8.23,-6.132159027724111,False
839,Returning,30,Female,4,200k+,Single,Employed,1.36,-4.869122936470979,False
840,Returning,49,Female,4,<50k,Single,Employed,0.36,-6.339765651843115,False
841,New,37,Female,1,50k-100k,Single,Employed,11.03,-5.8690290078659,False
842,Returning,18,Male,3,200k+,Married,Student,1.9,-3.4140734437942077,False
843,New,47,Female,1,<50k,Married,Unemployed,3.44,-6.1925698332828745,False
844,Returning,27,Female,2,50k-100k,Widowed,Employed,6.28,-5.646260553399306,False
845,New,58,Female,1,200k+,Single,Unemployed,1.57,-4.989295473298176,False
846,Returning,48,Female,3,100k-200k,Single,Employed,5.04,-3.4921843906133923,False
847,New,30,Female,2,50k-100k,Married,Employed,0.58,-6.458349422313885,False
848,Returning,51,Female,1,<50k,Married,Employed,1.38,-6.300602513565238,False
849,Returning,36,Male,1,<50k,Single,Employed,0.63,-7.623502818002941,False
850,Returning,46,Female,1,50k-100k,Single,Employed,6.67,-5.726692750768011,False
851,New,41,Female,4,200k+,Married,Employed,1.01,-5.85256255375987,False
852,Returning,25,Female,2,50k-100k,Married,Employed,5.05,-5.4326729663783455,False
853,New,28,Female,2,100k-200k,Single,Employed,11.48,-4.08523952136299,False
854,Returning,48,Male,3,200k+,Single,Employed,3.0,-4.930171551171941,False
855,New,31,Male,5,50k-100k,Widowed,Employed,3.11,-5.300857343700041,False
856,New,31,Female,3,50k-100k,Married,Employed,2.47,-7.095242626629164,False
857,New,24,Female,1,100k-200k,Single,Employed,1.58,-6.971467105741086,False
858,Returning,41,Female,1,200k+,Single,Employed,2.58,-6.364407619463672,False
859,Returning,60,Male,2,200k+,Married,Employed,3.69,-5.928740591923228,False
860,New,23,Male,2,<50k,Single,Employed,17.07,-2.903725709527887,False
861,Returning,36,Female,2,100k-200k,Single,Employed,11.11,-5.676438986852913,False
862,Returning,52,Female,3,100k-200k,Married,Employed,7.93,-5.327915048170699,False
863,Returning,35,Female,1,200k+,Single,Employed,8.8,-3.9019905017859506,False
864,Returning,41,Male,1,<50k,Married,Employed,2.52,-6.726877474496612,False
865,Returning,23,Female,3,100k-200k,Single,Employed,4.29,-4.861084350157176,False
866,Returning,41,Male,2,200k+,Married,Employed,9.02,-4.891542042927903,False
867,New,33,Female,3,50k-100k,Single,Employed,2.0,-5.658216742675277,False
868,New,47,Male,1,50k-100k,Single,Employed,13.06,-4.85447254380954,False
869,Returning,50,Male,3,<50k,Single,Employed,2.15,-5.510434527271646,False
870,Returning,67,Female,3,50k-100k,Divorced,Employed,3.68,-7.478056407406435,False
871,Returning,42,Female,1,50k-100k,Divorced,Employed,4.95,-6.280812008388546,False
872,New,39,Male,3,200k+,Single,Employed,12.03,-3.7939273233056925,False
873,Returning,38,Female,4,50k-100k,Married,Unemployed,1.12,-5.788304751993807,False
874,Returning,31,Male,2,50k-100k,Married,Employed,5.48,-4.090047377246172,False
875,New,40,Male,1,100k-200k,Widowed,Employed,2.94,-6.400024666865577,False
876,New,32,Male,4,50k-100k,Single,Employed,1.25,-4.393018238139128,False
877,Returning,38,Male,1,50k-100k,Married,Employed,6.0,-6.349023826659671,False
878,Returning,51,Male,1,100k-200k,Single,Employed,3.21,-4.594853588455356,False
879,New,23,Male,3,200k+,Single,Employed,4.33,-4.348032873301627,False
880,New,49,Male,1,100k-200k,Widowed,Employed,1.56,-7.174458579632223,False
881,New,51,Female,4,100k-200k,Married,Employed,2.63,-5.303460762748178,False
882,Returning,34,Male,3,<50k,Single,Employed,3.84,-5.8952358355321905,False
883,New,18,Female,1,200k+,Single,Student,2.08,-5.2524154063249995,False
884,New,28,Male,2,<50k,Married,Employed,0.88,-6.68127158843331,False
885,Returning,51,Female,3,100k-200k,Married,Unemployed,13.04,-4.856246225661732,False
886,New,35,Male,2,50k-100k,Single,Employed,2.87,-4.575405417237148,False
887,Returning,24,Male,1,200k+,Widowed,Employed,5.3,-5.523720894455673,False
888,New,29,Male,4,100k-200k,Single,Employed,2.12,-4.700577675808233,False
889,New,46,Male,1,100k-200k,Single,Employed,1.75,-6.3428514850442,False
890,New,42,Male,1,50k-100k,Divorced,Employed,2.09,-4.679836740772476,False
891,Returning,33,Female,1,50k-100k,Single,Employed,2.11,-6.876834629335494,False
892,Returning,31,Female,3,100k-200k,Single,Employed,3.14,-6.148143531247184,False
893,Returning,31,Female,1,100k-200k,Married,Employed,3.14,-4.359482818884097,False
894,Returning,24,Female,2,<50k,Married,Employed,2.75,-6.602446390895253,False
895,Returning,55,Male,1,200k+,Single,Employed,0.58,-4.586925693835607,False
896,New,32,Male,1,200k+,Divorced,Employed,2.74,-4.957159420405187,False
897,New,50,Male,2,50k-100k,Married,Employed,0.74,-6.543649706560834,False
898,Returning,54,Male,4,200k+,Single,Employed,0.54,-7.552293472017158,False
899,New,47,Female,4,100k-200k,Married,Employed,10.79,-4.385818304271836,False
900,New,30,Female,3,50k-100k,Single,Employed,3.71,-5.541869946466575,False
901,New,40,Male,4,50k-100k,Single,Unemployed,4.31,-4.636282266695627,False
902,New,35,Male,1,100k-200k,Married,Employed,2.06,-4.477552823759888,False
903,New,25,Female,2,100k-200k,Widowed,Employed,9.59,-5.471487179143748,False
904,Returning,39,Female,1,50k-100k,Single,Employed,4.06,-5.134818236011817,False
905,Returning,21,Male,1,100k-200k,Single,Student,5.86,-4.71059784398665,False
906,Returning,50,Female,4,100k-200k,Single,Employed,1.84,-4.600587297589556,False
907,Returning,30,Female,2,100k-200k,Single,Unemployed,12.88,-4.069310087864455,False
908,Returning,38,Male,1,<50k,Single,Employed,6.87,-7.65199769096177,False
909,New,39,Male,3,200k+,Single,Employed,7.7,-4.89542243252776,False
910,Returning,32,Male,1,50k-100k,Married,Employed,0.76,-7.601707574916915,False
911,Returning,43,Female,2,50k-100k,Single,Employed,1.26,-6.428605772918074,False
912,New,30,Female,2,50k-100k,Single,Employed,1.35,-5.167495763866106,False
913,Returning,46,Male,1,50k-100k,Married,Employed,1.26,-6.135849164125027,False
914,Returning,19,Male,2,200k+,Married,Student,7.74,-3.7859091336025674,False
915,Returning,37,Female,5,50k-100k,Single,Employed,0.13,-5.573746079286461,False
916,Returning,59,Male,2,100k-200k,Single,Employed,0.32,-7.545325939668903,False
917,New,23,Male,3,<50k,Married,Employed,1.28,-8.743847006572734,False
918,Returning,27,Female,1,50k-100k,Single,Employed,0.89,-6.202691238320409,False
919,Returning,42,Female,2,200k+,Single,Employed,1.06,-6.114926466351165,False
920,New,38,Female,1,100k-200k,Married,Employed,6.4,-6.406945739381882,False
921,Returning,40,Female,3,50k-100k,Single,Employed,3.31,-7.4541272496513775,False
922,Returning,41,Female,2,100k-200k,Single,Employed,0.02,-6.93674321347271,False
923,Returning,43,Male,1,50k-100k,Single,Employed,2.24,-6.423491484864776,False
924,Returning,49,Female,2,50k-100k,Single,Employed,2.1,-5.46412217629361,False
925,Returning,40,Male,1,100k-200k,Single,Employed,0.48,-6.0893689184320205,False
926,New,33,Female,2,100k-200k,Widowed,Employed,4.51,-3.980432752827271,False
927,New,44,Male,5,50k-100k,Single,Employed,4.84,-6.279604056045394,False
928,Returning,58,Female,3,200k+,Single,Employed,5.1,-4.343941107942566,False
929,Returning,34,Male,4,100k-200k,Single,Employed,5.21,-5.041201256871272,False
930,New,24,Male,2,50k-100k,Divorced,Employed,0.0,-5.725330875881415,False
931,New,49,Male,2,100k-200k,Married,Employed,12.31,-4.8850148632655435,False
932,Returning,34,Male,1,100k-200k,Single,Employed,6.73,-4.238819626109409,False
933,Returning,18,Female,2,100k-200k,Divorced,Student,9.37,-4.589275241654757,False
934,Returning,46,Female,1,50k-100k,Single,Employed,0.06,-7.250444984917749,False
935,New,29,Female,1,100k-200k,Single,Employed,10.86,-4.678024028913189,False
936,New,34,Male,2,50k-100k,Single,Employed,6.64,-5.6135558589371,False
937,New,39,Male,3,200k+,Single,Employed,7.26,-4.316821649362207,False
938,Returning,38,Male,1,100k-200k,Single,Unemployed,0.39,-7.8112767493745086,False
939,New,44,Male,2,<50k,Married,Employed,5.37,-5.893851702115694,False
940,Returning,30,Female,1,100k-200k,Single,Employed,12.87,-3.9741927473506697,False
941,New,42,Male,2,200k+,Married,Employed,4.54,-5.3959766928069675,False
942,Returning,32,Male,1,200k+,Single,Employed,3.38,-4.306058755611005,False
943,Returning,44,Male,1,50k-100k,Single,Employed,11.65,-4.048477225928948,False
944,Returning,43,Male,3,<50k,Single,Employed,2.34,-6.121480796740746,False
945,New,24,Female,3,100k-200k,Divorced,Employed,3.66,-5.304310902502327,False
946,New,49,Female,1,<50k,Single,Employed,2.59,-6.110834448518,False
947,New,29,Male,1,200k+,Married,Employed,10.8,-4.1717003958331755,False
948,Returning,45,Male,3,50k-100k,Single,Employed,0.32,-8.052657995664608,False
949,Returning,40,Male,3,50k-100k,Single,Employed,2.78,-6.134526295769347,False
950,Returning,58,Male,3,50k-100k,Single,Employed,4.65,-7.126939068193426,False
951,Returning,33,Male,1,50k-100k,Single,Employed,6.28,-4.294719052540514,False
952,Returning,31,Female,1,100k-200k,Single,Employed,3.5,-5.840849520002927,False
953,New,35,Female,1,50k-100k,Single,Unemployed,9.58,-5.631340949679623,False
954,Returning,32,Female,4,50k-100k,Married,Employed,11.39,-3.5047026679667654,False
955,Returning,45,Male,1,50k-100k,Single,Employed,0.27,-6.112175202550125,False
956,Returning,18,Male,3,100k-200k,Married,Student,2.06,-6.909634514379208,False
957,Returning,23,Female,1,<50k,Single,Unemployed,0.09,-7.072405362527369,False
958,New,23,Female,1,100k-200k,Married,Employed,1.6,-6.410166973226385,False
959,New,47,Female,4,100k-200k,Married,Employed,3.08,-7.267532888606054,False
960,Returning,56,Male,1,100k-200k,Single,Employed,9.67,-5.669776233237204,False
961,New,34,Male,2,200k+,Single,Employed,7.5,-5.078540322016465,False
962,Returning,33,Male,4,200k+,Married,Employed,0.55,-5.797450931491842,False
963,New,36,Female,1,200k+,Divorced,Employed,0.39,-7.703731423677309,False
964,Returning,49,Female,1,50k-100k,Single,Employed,3.56,-4.909334416952524,False
965,New,24,Female,1,<50k,Single,Unemployed,3.04,-6.666103058891439,False
966,Returning,38,Male,2,50k-100k,Divorced,Employed,1.24,-6.266446923339437,False
967,Returning,47,Female,1,200k+,Single,Employed,9.19,-4.455858361660164,False
968,New,42,Male,1,200k+,Married,Employed,10.49,-5.474576253903672,False
969,Returning,38,Male,1,200k+,Single,Employed,2.06,-5.424644026867304,False
970,Returning,48,Male,3,<50k,Single,Employed,8.84,-5.531074646018182,False
971,Returning,18,Female,1,200k+,Married,Student,1.94,-6.845585540647192,False
972,Returning,44,Male,1,50k-100k,Married,Employed,5.34,-5.245552506644601,False
973,Returning,28,Male,3,<50k,Single,Employed,2.58,-4.511326141198192,False
974,New,18,Female,1,50k-100k,Single,Student,0.52,-5.7371706265141675,False
975,New,42,Male,2,<50k,Married,Employed,10.52,-4.15902243485957,False
976,New,52,Male,1,100k-200k,Married,Employed,2.42,-6.617630606562298,False
977,Returning,34,Male,1,50k-100k,Single,Employed,5.3,-7.322619729168456,False
978,New,47,Male,3,50k-100k,Married,Employed,1.83,-4.570362477900159,False
979,Returning,55,Female,1,100k-200k,Married,Employed,0.08,-4.40848511059524,False
980,Returning,51,Male,4,200k+,Married,Employed,0.42,-4.249193226230318,False
981,Returning,55,Male,2,100k-200k,Married,Employed,2.74,-6.249785938979749,False
982,Returning,44,Female,1,50k-100k,Single,Employed,4.68,-7.022634338728844,False
983,New,36,Female,4,200k+,Married,Employed,1.63,-6.601182697819566,False
984,New,18,Female,2,200k+,Married,Student,4.76,-7.0597325676140485,False
985,Returning,33,Male,1,<50k,Single,Employed,4.8,-6.102378618410046,False
986,Returning,25,Male,1,100k-200k,Single,Employed,4.87,-3.938822041917545,False
987,Returning,62,Female,2,50k-100k,Single,Employed,2.71,-6.245162631872244,False
988,Returning,33,Female,1,<50k,Married,Unemployed,9.86,-5.333677099651725,False
989,New,37,Female,2,100k-200k,Single,Employed,2.69,-4.405903035695791,False
990,Returning,42,Female,2,200k+,Married,Employed,2.39,-6.1555953118324,False
991,Returning,36,Female,1,50k-100k,Divorced,Unemployed,0.89,-4.810968543280405,False
992,Returning,56,Male,1,200k+,Married,Employed,1.47,-4.117405592502546,False
993,New,28,Male,5,200k+,Divorced,Employed,0.17,-5.745611338680482,False
994,Returning,38,Female,1,200k+,Widowed,Employed,4.02,-6.264534264019213,False
995,Returning,27,Male,5,50k-100k,Single,Employed,1.14,-5.016761953609686,False
996,New,20,Male,4,200k+,Married,Student,1.45,-5.930024942518857,False
997,Returning,28,Female,2,50k-100k,Single,Unemployed,5.89,-6.963055217067336,False
998,New,35,Female,1,100k-200k,Divorced,Employed,1.59,-4.905261346477021,False
999,Returning,30,Male,1,<50k,Single,Employed,1.11,-5.31705261272292,False
1000,Returning,27,Male,3,<50k,Widowed,Employed,0.74,-6.218488396236439,False
